user_id	Ranking	Baseline Rate	CM Rate	Number of States	Cmu	hmu	Lopt
200230533	449	0.592	0.914	23.0	3.5189	0.3394	7.0
92356909	450	0.82	0.82	2.0	0.750153	0.698088	1.0
1750241	451	0.891	0.859	2.0	0.650022	0.540469	1.0
16818880	452	0.901	0.891	2.0	0.699506	0.562624	1.0
228397622	453	0.909	0.888	2.0	0.565101	0.444094	1.0
15762258	454	0.789	0.784	28.0	2.30249	0.618175	8.0
92927188	455	0.924	0.924	2.0	0.528762	0.447023	1.0
17083396	456	0.73	0.77	253.0	4.96668	0.57378	10.0
227162392	457	0.489	0.5	157.0	4.81579	0.669405	10.0
110545906	458	0.847	0.849	102.0	3.78694	0.613896	9.0
14870168	459	0.698	0.698	2.0	0.501955	0.420556	1.0
15106068	460	0.849	0.917	2.0	0.433333	0.33146	1.0
23008116	461	0.841	0.841	2.0	0.674808	0.63973	1.0
15585410	462	0.753	0.787	4.0	1.60368	0.714374	2.0
263159094	463	0.535	0.688	7.0	2.23438	0.524234	5.0
70199201	464	0.808	0.903	22.0	3.13184	0.451371	7.0
16561212	465	0.867	0.867	2.0	0.5421	0.528213	1.0
151690856	466	0.885	0.885	2.0	0.5421	0.479563	1.0
62846638	467	0.832	0.849	99.0	2.85898	0.462344	9.0
39362638	468	0.914	0.953	2.0	0.466514	0.327334	1.0
139960419	469	0.745	0.745	2.0	0.856442	0.8537	1.0
5660312	470	0.71	0.747	168.0	3.42622	0.480056	10.0
26780801	471	0.935	0.912	2.0	0.655436	0.545835	1.0
106283898	472	0.906	0.906	2.0	0.723488	0.648174	1.0
18627463	473	0.901	0.901	1.0	-0.0	0.444849	1.0
23500913	474	0.865	0.865	2.0	0.84525	0.804771	1.0
215279991	475	0.666	0.663	9.0	3.061	0.910776	5.0
5489202	476	0.874	0.874	6.0	1.24129	0.730865	6.0
91106767	477	0.75	0.75	2.0	0.871862	0.868182	1.0
111047938	478	0.719	0.781	46.0	3.34438	0.585215	8.0
14218186	479	0.826	0.826	2.0	0.67076	0.632162	1.0
76456492	480	0.831	0.831	2.0	0.590614	0.524819	1.0
18343178	481	0.859	0.859	2.0	0.480447	0.444168	1.0
55648693	482	0.792	0.799	2.0	0.701144	0.589957	1.0
17925141	483	0.799	0.833	191.0	5.09801	0.507173	10.0
8757362	484	0.576	0.622	2.0	0.726075	0.618384	1.0
38976017	485	0.695	0.695	2.0	0.835116	0.822424	1.0
57081867	486	0.773	0.773	2.0	0.691228	0.638184	1.0
18429289	487	0.905	0.905	6.0	1.72744	0.598624	5.0
135399738	488	0.99	0.994	2.0	0.176849	0.0805182	1.0
13028322	489	0.815	0.815	2.0	0.664921	0.647402	1.0
20938935	490	0.807	0.851	174.0	3.45418	0.444756	10.0
15239123	491	0.938	0.938	2.0	0.38995	0.330935	1.0
14661957	492	0.859	0.859	2.0	0.609188	0.552027	1.0
37420083	493	0.911	0.911	2.0	0.663156	0.650522	1.0
36563254	494	0.932	0.929	4.0	1.18069	0.537025	2.0
68807455	495	0.898	0.898	2.0	0.618248	0.565522	1.0
117604712	496	0.805	0.813	171.0	5.07749	0.665304	10.0
216258042	497	0.911	0.917	2.0	0.4885	0.342897	1.0
119946793	498	0.921	0.921	2.0	0.510507	0.403367	1.0
10876852	499	0.742	0.742	2.0	0.894253	0.876483	1.0
190229279	500	0.951	0.964	2.0	0.481257	0.330794	1.0
790000	501	0.802	0.825	139.0	2.57022	0.380914	10.0
116108369	502	0.782	0.716	208.0	6.33287	0.720097	10.0
151084354	503	0.945	0.954	14.0	1.65861	0.387745	6.0
14951992	504	0.71	0.736	195.0	5.70676	0.667487	10.0
65293006	505	0.859	0.841	2.0	0.671341	0.579745	1.0
17591742	506	0.747	0.747	2.0	0.541367	0.508199	1.0
156693720	507	0.957	0.957	7.0	1.53538	0.484361	5.0
137679779	508	0.884	0.887	4.0	1.26522	0.592124	2.0
13807132	509	0.839	0.828	155.0	2.69879	0.36596	10.0
114235871	510	0.818	0.818	2.0	0.584512	0.534355	1.0
11606702	511	0.846	0.846	2.0	0.545754	0.474047	1.0
19993686	512	0.875	0.875	2.0	0.663745	0.612075	1.0
15135214	513	0.742	0.771	4.0	1.31768	0.586179	3.0
20858400	514	0.887	0.887	2.0	0.503519	0.435664	1.0
226011338	515	0.742	0.806	5.0	0.917212	0.365136	4.0
149612671	516	0.922	0.924	2.0	0.415616	0.272987	1.0
26539097	517	0.812	0.812	1.0	-0.0	0.886303	1.0
14742479	518	0.761	0.774	4.0	1.5462	0.7496	2.0
91191989	519	0.966	0.972	48.0	1.65607	0.150302	9.0
23401174	520	0.961	0.961	2.0	0.612441	0.563231	1.0
14612263	521	0.727	0.71	91.0	3.50514	0.641934	9.0
51908250	522	0.742	0.742	2.0	0.852883	0.829888	1.0
14923682	523	0.852	0.852	2.0	0.49566	0.44091	1.0
38580030	524	0.977	0.977	2.0	0.246337	0.214822	1.0
16294267	525	0.607	0.775	15.0	3.63275	0.579492	6.0
8935052	526	0.86	0.851	36.0	2.93252	0.589414	8.0
27702107	527	0.705	0.832	83.0	5.0223	0.403966	9.0
14384696	528	0.893	0.929	42.0	3.90621	0.567301	6.0
14321959	529	0.697	0.747	18.0	1.82083	0.55729	8.0
14217862	530	0.898	0.896	2.0	0.554431	0.430567	1.0
15409034	531	0.857	0.857	2.0	0.706564	0.659939	1.0
36832842	532	0.83	0.822	6.0	1.85256	0.565418	3.0
15819292	533	0.859	0.859	2.0	0.540633	0.454218	1.0
27908385	534	0.947	0.947	47.0	1.93093	0.420808	8.0
190969275	535	0.971	0.971	2.0	0.342356	0.274075	1.0
608473	536	0.831	0.831	2.0	0.709251	0.683903	1.0
93396189	537	0.696	0.766	5.0	2.24822	0.580397	4.0
156296440	538	0.892	0.921	2.0	0.686191	0.497069	1.0
83943195	539	0.779	0.779	2.0	0.69234	0.630166	1.0
170061178	540	0.815	0.815	2.0	0.511279	0.470871	1.0
19374805	541	0.868	0.86	6.0	1.64126	0.57599	4.0
27109378	542	0.82	0.82	2.0	0.817411	0.791112	1.0
35671638	543	0.761	0.753	4.0	0.83541	0.567554	4.0
108083117	544	0.812	0.812	6.0	1.35706	0.58292	5.0
210014700	545	0.681	0.819	165.0	4.79055	0.339254	10.0
16616272	546	0.868	0.922	10.0	2.55893	0.326921	4.0
144231655	547	0.86	0.854	21.0	3.1939	0.602912	8.0
90971235	548	0.81	0.81	2.0	0.773811	0.76877	1.0
11063312	549	0.865	0.865	2.0	0.678822	0.653122	1.0
42202168	550	0.831	0.831	2.0	0.593976	0.526654	1.0
2900	551	0.836	0.836	227.0	5.56986	0.694015	10.0
109150601	552	0.777	0.853	7.0	1.27926	0.486322	5.0
11435642	553	0.784	0.784	2.0	0.714576	0.638286	1.0
23777198	554	0.753	0.753	2.0	0.89124	0.880612	1.0
14835646	555	0.919	0.896	2.0	0.513588	0.408107	1.0
19721592	556	0.747	0.739	22.0	2.03618	0.698179	8.0
16313592	557	0.716	0.699	101.0	4.42653	0.694857	9.0
39897996	558	0.875	0.895	52.0	3.64024	0.373822	9.0
232682267	559	0.778	0.817	16.0	3.05667	0.646896	8.0
17179368	560	0.904	0.904	2.0	0.64699	0.579643	1.0
169722743	561	0.988	0.983	2.0	0.261542	0.185397	1.0
21575880	562	0.81	0.822	234.0	4.31092	0.480338	10.0
15365998	563	0.786	0.786	2.0	0.773811	0.735145	1.0
1774081	564	0.943	0.943	5.0	0.689455	0.362595	5.0
15891536	565	0.806	0.862	16.0	1.90593	0.474915	8.0
129935970	566	0.998	0.998	2.0	0.622722	0.613249	1.0
141418796	567	0.844	0.844	2.0	0.673077	0.633868	1.0
78924375	568	0.883	0.878	15.0	1.48772	0.582228	7.0
239976874	569	0.885	0.885	2.0	0.432459	0.378536	1.0
18754728	570	0.699	0.688	77.0	4.53468	0.745748	9.0
238602830	571	0.864	0.851	190.0	3.54071	0.48677	10.0
16237734	572	0.807	0.807	2.0	0.680533	0.597902	1.0
25373949	573	0.875	0.875	2.0	0.568615	0.534659	1.0
250983856	574	0.961	0.961	2.0	0.429829	0.374199	1.0
18611056	575	0.842	0.834	11.0	2.79089	0.687644	5.0
23148563	576	0.948	0.948	2.0	0.417323	0.393114	1.0
15292471	577	0.931	0.92	3.0	0.777819	0.587762	2.0
117626824	578	0.916	0.907	32.0	2.20905	0.508264	8.0
26089676	579	0.758	0.789	4.0	1.37581	0.628389	2.0
203871835	580	0.758	0.758	2.0	0.872856	0.855896	1.0
103133559	581	0.901	0.901	2.0	0.522737	0.379986	1.0
93100491	582	0.891	0.917	2.0	0.533241	0.432063	1.0
70062275	583	0.75	0.776	118.0	5.17429	0.650022	10.0
30404850	584	0.951	0.953	2.0	0.409296	0.317817	1.0
180595146	585	0.919	0.933	2.0	0.539898	0.405441	1.0
162557157	586	0.706	0.706	1.0	-0.0	0.897991	1.0
46037408	587	0.961	0.961	2.0	0.126861	0.106996	1.0
15943715	588	0.824	0.847	116.0	3.55658	0.547541	9.0
17576806	589	0.87	0.87	2.0	0.65123	0.646465	1.0
17519222	590	0.885	0.885	2.0	0.591288	0.5576	1.0
15447400	591	0.767	0.778	126.0	3.34542	0.544854	9.0
21460496	592	0.823	0.828	5.0	1.09562	0.409704	4.0
173387492	593	0.763	0.823	2.0	0.677678	0.572212	1.0
17194090	594	0.769	0.781	20.0	0.909427	0.299501	7.0
16050296	595	0.727	0.841	70.0	3.78042	0.398801	9.0
40348955	596	0.87	0.87	2.0	0.452265	0.339819	1.0
52254968	597	0.909	0.919	2.0	0.431583	0.258348	1.0
8402052	598	0.821	0.801	81.0	4.88227	0.736565	9.0
16716129	599	0.831	0.831	2.0	0.620809	0.567928	1.0
28211629	600	0.891	0.927	2.0	0.491692	0.345355	1.0
20192882	601	0.839	0.839	2.0	0.718792	0.713767	1.0
11673662	602	0.77	0.767	166.0	5.44417	0.69733	10.0
1717291	603	0.784	0.778	94.0	3.55425	0.520008	9.0
1394361	604	0.789	0.872	2.0	0.49645	0.384617	1.0
15683948	605	0.917	0.911	172.0	3.64284	0.442167	10.0
9734372	606	0.885	0.885	2.0	0.49566	0.436849	1.0
15463771	607	0.849	0.849	2.0	0.645162	0.5721	1.0
90203791	608	0.831	0.831	2.0	0.49645	0.43469	1.0
34146256	609	0.859	0.859	2.0	0.555865	0.50333	1.0
73359595	610	0.925	0.929	2.0	0.38995	0.255847	1.0
28018958	611	0.784	0.784	2.0	0.749177	0.744551	1.0
188085022	612	0.836	0.818	2.0	0.675958	0.564293	1.0
12984	613	0.895	0.903	4.0	0.892804	0.366162	2.0
22457041	614	0.742	0.742	2.0	0.726591	0.691827	1.0
235235930	615	0.76	0.76	2.0	0.459011	0.404948	1.0
84217059	616	0.688	0.688	2.0	0.572108	0.515963	1.0
18929690	617	0.948	0.948	55.0	1.48345	0.271891	8.0
14746460	618	0.826	0.826	1.0	-0.0	0.697957	1.0
15706037	619	0.841	0.841	2.0	0.781535	0.724361	1.0
193544915	620	0.921	0.921	2.0	0.424536	0.355752	1.0
144892029	621	0.838	0.824	24.0	4.05829	0.762435	6.0
119086671	622	0.901	0.901	2.0	0.659608	0.586456	1.0
36880462	623	0.71	0.836	109.0	5.1652	0.434738	10.0
260548343	624	1.0	1.0	2.0	0.782434	0.773919	1.0
145315512	625	0.893	0.919	2.0	0.390884	0.241586	1.0
17215826	626	0.947	0.933	25.0	2.45638	0.577201	8.0
18239795	627	0.898	0.898	2.0	0.673655	0.608117	1.0
85481462	628	0.888	0.902	47.0	1.74847	0.354366	8.0
9175912	629	0.75	0.806	39.0	4.60398	0.689707	7.0
197074340	630	0.849	0.849	2.0	0.433333	0.347377	1.0
53324525	631	0.885	0.885	2.0	0.271838	0.214639	1.0
216464216	632	0.939	0.937	4.0	1.13108	0.519952	2.0
226625808	633	0.979	0.992	2.0	0.356327	0.171087	1.0
172397445	634	0.951	0.951	2.0	0.622722	0.561474	1.0
156743304	635	0.921	0.921	2.0	0.434206	0.385181	1.0
220052633	636	0.817	0.965	2.0	0.153268	0.0492653	1.0
16363738	637	0.75	0.741	149.0	3.07545	0.420717	10.0
174649888	638	0.823	0.823	2.0	0.528762	0.489975	1.0
27386308	639	0.945	0.951	2.0	0.39461	0.245327	1.0
18507464	640	0.807	0.793	69.0	3.85078	0.780566	9.0
86528620	641	0.956	0.958	2.0	0.321837	0.170329	1.0
77972784	642	0.922	0.979	2.0	0.256907	0.146098	1.0
95927735	643	0.675	0.799	76.0	4.71281	0.516681	10.0
14349894	644	0.876	0.874	146.0	2.86752	0.313335	10.0
27325141	645	0.951	0.932	2.0	0.41741	0.27556	1.0
12611642	646	0.893	0.893	2.0	0.591961	0.507561	1.0
90420645	647	0.906	0.906	2.0	0.500387	0.390948	1.0
9926562	648	0.805	0.867	2.0	0.498028	0.402727	1.0
9543992	649	0.875	0.875	2.0	0.581778	0.530273	1.0
60642052	650	0.759	0.741	227.0	5.39255	0.70645	10.0
15747743	651	0.977	0.977	2.0	0.421873	0.395087	1.0
239221322	652	0.747	0.849	83.0	4.89378	0.616089	9.0
14652452	653	0.927	0.927	2.0	0.616963	0.590172	1.0
5683952	654	0.831	0.831	2.0	0.734253	0.723246	1.0
21507298	655	0.724	0.847	92.0	5.15023	0.417014	9.0
133575658	656	0.938	0.938	1.0	-0.0	0.317779	1.0
25740983	657	0.909	0.909	2.0	0.484487	0.473124	1.0
15446200	658	0.815	0.815	2.0	0.695109	0.653594	1.0
126346398	659	0.919	0.919	2.0	0.368058	0.319269	1.0
270781759	660	0.99	0.996	2.0	0.135848	0.0633803	1.0
208161241	661	0.727	0.727	1.0	-0.0	0.809979	1.0
155971406	662	0.886	0.891	8.0	1.33776	0.441999	5.0
72661977	663	0.903	0.889	94.0	3.33759	0.562543	9.0
14335761	664	0.806	0.837	23.0	2.24321	0.520216	8.0
811051	665	0.948	0.925	2.0	0.445446	0.28734	1.0
142042209	666	0.844	0.844	2.0	0.663156	0.601554	1.0
14562004	667	0.914	0.914	2.0	0.49645	0.436917	1.0
45526985	668	0.802	0.819	217.0	4.35051	0.519163	10.0
12372812	669	0.851	0.839	177.0	4.58049	0.640891	10.0
188092633	670	0.665	0.742	10.0	2.36853	0.557788	6.0
166394396	671	0.807	0.807	6.0	1.22776	0.494829	5.0
119395435	672	0.919	0.919	2.0	0.457331	0.425665	1.0
19650336	673	0.866	0.858	3.0	0.843979	0.631699	2.0
25911549	674	0.804	0.847	5.0	1.8225	0.590265	4.0
13683762	675	0.793	0.77	202.0	4.87172	0.531142	10.0
36292512	676	0.828	0.859	117.0	4.50845	0.560271	10.0
119546373	677	0.867	0.867	2.0	0.615029	0.532034	1.0
17150292	678	0.812	0.824	98.0	2.7337	0.487422	9.0
31619861	679	0.807	0.799	11.0	2.52084	0.815118	5.0
24849387	680	0.861	0.855	95.0	3.87539	0.692277	9.0
97361708	681	0.885	0.885	2.0	0.608535	0.572051	1.0
19519071	682	0.898	0.895	118.0	2.69047	0.462114	9.0
181520337	683	0.94	0.945	2.0	0.255742	0.172111	1.0
49464688	684	0.56	0.896	26.0	0.886586	0.181514	7.0
26470645	685	0.904	0.904	2.0	0.656631	0.632785	1.0
75192691	686	0.951	0.951	2.0	0.525004	0.442346	1.0
43600056	687	0.888	0.888	2.0	0.51818	0.499795	1.0
40362652	688	0.686	0.766	4.0	1.3601	0.657056	2.0
66759379	689	0.63	0.727	2.0	0.771971	0.686077	1.0
15689313	690	0.78	0.824	19.0	2.75833	0.624816	6.0
175222812	691	0.896	0.896	2.0	0.483681	0.45606	1.0
197962366	692	0.844	0.844	2.0	0.553713	0.515473	1.0
17506774	693	0.764	0.75	183.0	4.54862	0.640811	10.0
14179549	694	0.911	0.909	4.0	0.741616	0.536732	4.0
25799963	695	0.841	0.841	2.0	0.640873	0.606676	1.0
92694911	696	1.0	1.0	2.0	0.436817	0.373584	1.0
7449512	697	0.919	0.919	2.0	0.430707	0.372533	1.0
8159652	698	0.858	0.875	107.0	2.57969	0.408747	9.0
26744291	699	0.736	0.822	43.0	4.70484	0.315165	10.0
167686055	700	0.799	0.799	2.0	0.505857	0.502659	1.0
14330959	701	0.81	0.797	2.0	0.781086	0.667292	1.0
175405668	702	0.969	0.975	2.0	0.333207	0.224675	1.0
152352981	703	0.906	0.906	2.0	0.501955	0.495249	1.0
24975816	704	0.94	0.963	2.0	0.508961	0.346753	1.0
127686449	705	0.771	0.771	2.0	0.484487	0.42843	1.0
19771162	706	0.797	0.797	2.0	0.618889	0.574229	1.0
119113698	707	0.862	0.862	2.0	0.36222	0.323122	1.0
263288991	708	1.0	1.0	2.0	0.486898	0.368969	1.0
126979577	709	0.878	0.876	22.0	1.50488	0.329696	7.0
271118582	710	0.839	0.839	1.0	-0.0	0.471025	1.0
129176641	711	0.94	0.943	2.0	0.616963	0.458479	1.0
73779154	712	0.888	0.88	2.0	0.642715	0.525522	1.0
43337452	713	0.741	0.718	172.0	2.83864	0.313535	10.0
96477730	714	0.802	0.802	1.0	-0.0	0.77386	1.0
23437737	715	0.836	0.836	2.0	0.595315	0.573543	1.0
75141533	716	0.943	0.948	2.0	0.192822	0.138186	1.0
26874644	717	0.841	0.841	2.0	0.553713	0.512305	1.0
235737404	718	0.901	0.901	2.0	0.33423	0.290913	1.0
203652149	719	0.742	0.742	2.0	0.744755	0.693775	1.0
197156324	720	0.964	0.953	2.0	0.49566	0.368479	1.0
17224082	721	0.927	0.927	2.0	0.528762	0.504514	1.0
108357234	722	0.943	0.951	2.0	0.325996	0.242533	1.0
68241308	723	0.915	0.915	2.0	0.404743	0.336104	1.0
158269738	724	0.998	0.996	2.0	0.104651	0.0439963	7.0
18262412	725	0.787	0.81	167.0	4.90107	0.517985	10.0
20567743	726	0.805	0.853	4.0	1.52029	0.608027	2.0
703953	727	0.898	0.898	2.0	0.660201	0.613503	1.0
138274446	728	0.984	0.984	2.0	0.461522	0.342581	1.0
26312359	729	0.831	0.831	21.0	3.24025	0.701179	7.0
19410436	730	0.973	0.973	2.0	0.33729	0.30454	1.0
186250318	731	0.943	0.943	2.0	0.528012	0.486138	1.0
114049072	732	0.961	0.961	2.0	0.461522	0.445038	1.0
113619900	733	0.862	0.828	136.0	4.96282	0.604009	10.0
76000222	734	0.859	0.859	2.0	0.616963	0.57864	1.0
19552126	735	0.901	0.906	4.0	0.59035	0.394492	4.0
20951716	736	0.828	0.828	2.0	0.549385	0.486601	1.0
216994183	737	0.889	0.914	34.0	1.25226	0.251255	7.0
262537144	738	0.747	0.771	2.0	0.341346	0.257686	1.0
21975870	739	0.834	0.842	3.0	0.607545	0.377393	2.0
11674822	740	0.953	0.953	2.0	0.552993	0.49494	1.0
27257879	741	0.897	0.892	4.0	0.8853	0.39548	2.0
14131420	742	0.998	0.996	2.0	0.28084	0.160891	1.0
10400902	743	0.974	0.971	4.0	0.978658	0.435638	2.0
169234290	744	0.898	0.898	2.0	0.440283	0.399474	1.0
19475375	745	0.891	0.891	2.0	0.521222	0.50779	1.0
17343595	746	0.608	0.733	38.0	3.94756	0.581723	7.0
156783397	747	0.792	0.792	2.0	0.551553	0.490708	1.0
101142166	748	0.784	0.784	2.0	0.768728	0.753441	1.0
242354131	749	0.763	0.763	2.0	0.618248	0.555207	1.0
27865199	750	0.927	0.927	2.0	0.42807	0.411962	1.0
114467024	751	0.903	0.908	3.0	0.45785	0.30312	2.0
27071190	752	0.863	0.906	58.0	2.19291	0.336011	8.0
8883702	753	0.789	0.789	2.0	0.697313	0.663883	1.0
38668559	754	0.966	0.964	2.0	0.431156	0.219291	1.0
224255455	755	0.958	0.958	2.0	0.491692	0.422999	1.0
211787112	756	0.948	0.951	2.0	0.4893	0.341622	1.0
25874451	757	0.802	0.802	2.0	0.695109	0.679211	1.0
159563937	758	0.932	0.926	4.0	1.12279	0.516633	2.0
183163917	759	0.927	0.927	2.0	0.5735	0.519704	1.0
6018562	760	0.875	0.872	95.0	3.06591	0.554823	9.0
206358757	761	0.906	0.906	2.0	0.659608	0.626342	1.0
24303	762	0.891	0.891	1.0	-0.0	0.635698	1.0
73341141	763	0.799	0.788	14.0	3.24525	0.5602	5.0
59580078	764	0.792	0.787	12.0	1.65113	0.690875	8.0
16148602	765	0.894	0.894	2.0	0.529511	0.464526	1.0
226777208	766	0.76	0.76	1.0	-0.0	0.605517	1.0
52504402	767	0.771	0.828	2.0	0.657824	0.545913	1.0
42381705	768	0.778	0.963	63.0	2.11152	0.304141	8.0
50832715	769	0.917	0.908	22.0	1.67932	0.360295	7.0
106185357	770	0.936	0.941	3.0	0.560625	0.42306	3.0
13225072	771	0.848	0.843	42.0	2.2251	0.607646	8.0
270308750	772	0.898	0.898	2.0	0.385255	0.339603	1.0
50193	773	0.824	0.815	98.0	3.41613	0.611362	9.0
16630502	774	0.872	0.872	2.0	0.702234	0.696803	1.0
58912749	775	0.777	0.777	9.0	2.63096	0.604497	6.0
132220676	776	0.983	0.977	2.0	0.345377	0.248564	1.0
172238478	777	0.758	0.758	2.0	0.593976	0.56412	1.0
20660609	778	0.995	0.992	7.0	1.70095	0.317855	4.0
94380830	779	0.844	0.935	2.0	0.439418	0.312298	1.0
5778852	780	0.945	0.945	2.0	0.536209	0.477278	1.0
219486031	781	0.948	0.948	2.0	0.508961	0.425072	1.0
17971670	782	0.756	0.761	234.0	5.22437	0.630201	10.0
6535242	783	0.795	0.789	36.0	2.42227	0.605978	8.0
90404746	784	0.732	0.732	2.0	0.544295	0.486874	1.0
14850221	785	0.854	0.865	2.0	0.418305	0.314233	1.0
16177296	786	0.935	0.935	4.0	0.784123	0.489373	4.0
136817353	787	0.995	0.995	2.0	0.565806	0.518972	1.0
94686506	788	0.994	0.994	2.0	0.420983	0.355641	1.0
14524060	789	0.87	0.87	2.0	0.64699	0.641879	1.0
220578999	790	0.974	0.974	2.0	0.235565	0.206321	1.0
19790013	791	0.888	0.888	2.0	0.490098	0.484431	1.0
130158543	792	0.919	0.94	2.0	0.576964	0.41927	1.0
148055679	793	0.875	0.929	87.0	1.46527	0.190348	9.0
175344254	794	0.878	0.911	2.0	0.438553	0.29153	1.0
51240919	795	0.992	0.99	2.0	0.33423	0.231521	1.0
25163231	796	0.766	0.766	2.0	0.757878	0.741289	1.0
22883967	797	0.838	0.953	17.0	3.39433	0.251183	6.0
39619991	798	0.94	0.94	2.0	0.498815	0.447345	1.0
18162777	799	0.958	0.961	3.0	0.617584	0.439976	2.0
39932500	800	0.906	0.898	5.0	1.16647	0.520314	4.0
27018757	801	0.769	0.9	33.0	3.55189	0.37737	7.0
15917510	802	0.893	0.907	54.0	2.30005	0.47498	8.0
132526387	803	0.739	0.862	121.0	4.26334	0.485711	10.0
59608784	804	0.906	0.945	2.0	0.459849	0.276058	1.0
196310571	805	0.753	0.753	2.0	0.678251	0.610566	1.0
20351695	806	0.88	0.88	2.0	0.46817	0.427682	1.0
169655919	807	0.89	0.893	15.0	1.49414	0.177711	6.0
17734669	808	0.827	0.974	43.0	3.50645	0.260632	9.0
31962068	809	0.898	0.898	2.0	0.525757	0.471662	1.0
149532313	810	0.868	0.887	3.0	0.644651	0.306479	4.0
29015085	811	0.943	0.938	2.0	0.401996	0.274269	1.0
95354168	812	0.865	0.865	2.0	0.112989	0.0985905	1.0
19062153	813	0.78	0.793	5.0	1.29606	0.564862	4.0
18368098	814	0.901	0.901	2.0	0.676532	0.621187	1.0
15051601	815	0.857	0.857	2.0	0.689555	0.625822	1.0
28017930	816	0.856	0.856	2.0	0.447787	0.333714	3.0
97985235	817	0.969	0.969	2.0	0.35928	0.308094	1.0
23420024	818	0.794	0.794	2.0	0.615029	0.561395	1.0
134670236	819	0.666	0.674	11.0	2.41502	0.645307	5.0
204390536	820	0.915	0.915	2.0	0.56651	0.518787	1.0
159163111	821	0.909	0.909	1.0	-0.0	0.529767	1.0
262445429	822	0.621	0.697	3.0	1.32043	0.604321	2.0
254359278	823	1.0	1.0	2.0	0.246424	0.125775	1.0
14517899	824	0.872	0.872	2.0	0.52198	0.516889	1.0
39935911	825	0.865	0.865	1.0	-0.0	0.660103	1.0
16249213	826	0.912	0.912	2.0	0.548714	0.450647	3.0
50060799	827	0.841	0.953	13.0	3.36703	0.239511	6.0
15600217	828	0.849	0.849	2.0	0.492488	0.459528	1.0
117477071	829	0.772	0.91	49.0	4.22994	0.426623	8.0
89492277	830	0.943	0.943	2.0	0.473929	0.382271	1.0
110866731	831	0.794	0.794	1.0	-0.0	0.797244	1.0
104901157	832	0.917	0.917	2.0	0.545025	0.487247	1.0
170394787	833	0.901	0.901	1.0	-0.0	0.694635	1.0
155883945	834	0.901	0.901	2.0	0.272971	0.257384	1.0
22360594	835	0.904	0.938	2.0	0.433333	0.267828	1.0
101221067	836	0.935	0.935	2.0	0.288605	0.249536	1.0
230476419	837	0.984	0.984	2.0	0.452265	0.402461	1.0
14099516	838	0.937	0.937	12.0	1.51457	0.320139	6.0
156765445	839	0.945	0.932	2.0	0.356327	0.280056	1.0
123324025	840	0.917	0.917	2.0	0.57972	0.487085	1.0
17641457	841	0.839	0.839	2.0	0.694557	0.690424	1.0
123778145	842	0.987	0.987	3.0	0.522071	0.22721	3.0
14437914	843	0.758	0.789	50.0	4.70174	0.636677	8.0
251487559	844	0.761	0.761	61.0	3.94863	0.621712	9.0
48900286	845	0.911	0.914	123.0	2.55813	0.374381	10.0
159541164	846	0.909	0.891	2.0	0.593976	0.346328	1.0
257467966	847	0.865	0.865	2.0	0.595984	0.559888	1.0
123963067	848	0.93	0.93	2.0	0.60984	0.557466	1.0
175821057	849	0.789	0.789	2.0	0.721928	0.661386	1.0
14376840	850	0.841	0.841	2.0	0.531752	0.480295	1.0
40443752	851	0.953	0.953	2.0	0.447157	0.375239	1.0
21690938	852	0.781	0.773	85.0	4.22395	0.699904	9.0
109460638	853	0.856	0.848	178.0	4.21293	0.490671	10.0
26850477	854	0.846	0.846	2.0	0.618889	0.57729	1.0
221180607	855	0.875	0.875	1.0	-0.0	0.621779	1.0
19003668	856	0.846	0.846	2.0	0.569316	0.545794	1.0
47791995	857	1.0	1.0	2.0	0.521222	0.441648	1.0
200713835	858	0.979	0.979	2.0	0.669016	0.610474	1.0
83277670	859	0.963	0.963	2.0	0.350378	0.267365	1.0
238856347	860	0.739	0.763	5.0	1.93969	0.532199	4.0
15706633	861	0.938	0.938	1.0	-0.0	0.422473	1.0
46189928	862	0.919	0.919	2.0	0.352367	0.315834	1.0
23953237	863	0.865	0.865	2.0	0.62017	0.560575	1.0
15441074	864	0.862	0.879	199.0	4.51406	0.610819	10.0
16897237	865	0.899	0.91	12.0	2.03439	0.475893	5.0
67603734	866	0.943	0.943	2.0	0.46319	0.377314	1.0
27682973	867	0.659	0.659	2.0	0.793912	0.732049	1.0
224812015	868	0.913	0.916	3.0	0.532403	0.389309	2.0
199624094	869	0.819	0.867	15.0	3.41814	0.44269	7.0
80655938	870	0.747	0.747	1.0	-0.0	0.665144	1.0
48892632	871	0.852	0.852	2.0	0.586553	0.561819	1.0
18953266	872	0.803	0.856	30.0	1.07443	0.263921	7.0
31520228	873	0.896	0.896	2.0	0.572108	0.553416	1.0
18833982	874	0.878	0.901	2.0	0.486095	0.365863	1.0
29555467	875	0.867	0.867	2.0	0.587232	0.515492	1.0
14822021	876	0.906	0.906	2.0	0.542833	0.494012	1.0
14861579	877	0.893	0.893	2.0	0.477197	0.46656	1.0
46072995	878	0.93	0.93	2.0	0.554431	0.48978	1.0
16012310	879	0.89	0.887	5.0	1.30665	0.583998	4.0
171569791	880	0.94	0.94	2.0	0.445446	0.419562	1.0
18655567	881	0.854	0.854	2.0	0.691784	0.631846	1.0
18832833	882	0.807	0.885	69.0	3.80226	0.417624	10.0
17393362	883	0.83	0.885	146.0	5.31255	0.415036	10.0
128601175	884	0.874	0.885	111.0	3.74789	0.419163	10.0
17945015	885	0.833	0.833	2.0	0.550108	0.534641	1.0
54877998	886	0.796	0.812	5.0	0.992585	0.448154	4.0
17396038	887	0.844	0.844	112.0	3.48551	0.568976	9.0
48142800	888	0.815	0.815	2.0	0.645772	0.628342	1.0
456	889	0.922	0.922	2.0	0.561566	0.47789	1.0
11058922	890	0.937	0.945	3.0	0.538851	0.384926	2.0
21817105	891	0.873	0.873	2.0	0.56369	0.496161	1.0
78789634	892	0.872	0.872	1.0	-0.0	0.580201	1.0
205346326	893	0.938	0.938	31.0	3.4533	0.681075	8.0
33080831	894	0.893	0.893	2.0	0.457331	0.403344	1.0
8769212	895	0.917	0.917	2.0	0.576964	0.520973	1.0
232603412	896	0.81	0.825	2.0	0.601964	0.504622	1.0
17202143	897	0.911	0.911	2.0	0.424536	0.400075	1.0
117943004	898	0.901	0.901	2.0	0.690671	0.667848	1.0
245314387	899	0.898	0.898	2.0	0.286397	0.242534	1.0
212449549	900	0.904	0.904	2.0	0.372882	0.33184	1.0
78906196	901	0.967	0.967	2.0	0.440283	0.360385	1.0
55933111	902	0.924	0.927	41.0	2.90132	0.531002	8.0
15479484	903	0.883	0.883	2.0	0.519703	0.488378	1.0
62850757	904	0.904	0.951	2.0	0.409296	0.186157	1.0
68552069	905	0.797	0.797	2.0	0.520463	0.465558	1.0
42793960	906	0.833	0.833	2.0	0.747708	0.730183	1.0
14270329	907	0.784	0.767	116.0	3.18844	0.585195	9.0
16027532	908	0.846	0.846	2.0	0.635927	0.625413	1.0
7155782	909	0.898	0.898	2.0	0.424536	0.368859	1.0
253888243	910	0.975	0.975	41.0	3.23076	0.625879	7.0
22589921	911	0.961	0.961	2.0	0.28418	0.230683	1.0
15445154	912	0.911	0.911	1.0	-0.0	0.591141	1.0
16540406	913	0.938	0.932	138.0	2.27585	0.349531	9.0
16641718	914	0.799	0.885	14.0	3.28473	0.562591	6.0
39591754	915	0.994	0.989	25.0	3.15381	0.540663	7.0
86080280	916	0.971	0.971	2.0	0.264995	0.245033	1.0
19675857	917	0.917	0.917	2.0	0.462357	0.423652	1.0
184517281	918	0.799	0.799	1.0	-0.0	0.715033	1.0
83220224	919	0.846	0.85	2.0	0.650627	0.541527	1.0
17212941	920	0.945	0.945	2.0	0.457331	0.394866	1.0
166393495	921	0.909	0.909	2.0	0.474748	0.421264	1.0
243660328	922	0.929	0.929	2.0	0.448864	0.398421	1.0
72627052	923	0.833	0.833	2.0	0.70332	0.663795	1.0
180770812	924	0.74	0.74	2.0	0.618889	0.530716	1.0
70706453	925	0.914	0.914	2.0	0.453958	0.372145	1.0
33617885	926	0.958	0.958	2.0	0.401077	0.371702	1.0
28674090	927	0.846	0.848	52.0	2.17046	0.532485	8.0
77577477	928	0.883	0.883	2.0	0.633437	0.565415	1.0
852861	929	0.865	0.865	1.0	-0.0	0.624655	1.0
38864480	930	0.904	0.917	2.0	0.52651	0.39005	1.0
77107611	931	0.946	0.933	2.0	0.439418	0.320666	1.0
15219854	932	0.898	0.898	2.0	0.658419	0.640706	1.0
208325536	933	0.852	0.893	2.0	0.412248	0.32861	6.0
16887348	934	0.974	0.974	3.0	0.321236	0.203235	2.0
16373550	935	0.817	0.82	9.0	2.51512	0.748927	4.0
19783137	936	0.892	0.892	2.0	0.631561	0.584427	1.0
30268257	937	0.862	0.862	1.0	-0.0	0.602538	1.0
10168082	938	0.878	0.878	1.0	-0.0	0.703441	1.0
34323672	939	0.958	0.958	3.0	0.460458	0.322598	2.0
18028249	940	0.836	0.836	2.0	0.572805	0.52732	1.0
12354252	941	0.948	0.948	2.0	0.500387	0.458819	1.0
25729276	942	0.932	0.914	107.0	2.61143	0.405078	9.0
129360573	943	0.826	0.826	2.0	0.544295	0.519453	1.0
215151662	944	0.865	0.865	1.0	-0.0	0.426036	1.0
179925427	945	0.914	0.914	2.0	0.485291	0.445617	1.0
18041438	946	0.88	0.88	1.0	-0.0	0.615331	1.0
138555043	947	0.826	0.837	46.0	3.76397	0.503957	8.0
52826354	948	0.783	0.764	10.0	2.97999	0.672086	6.0
34733255	949	0.836	0.836	2.0	0.593976	0.527142	1.0
10420662	950	0.802	0.81	175.0	4.5821	0.565209	10.0
19988765	951	0.787	0.793	86.0	4.74096	0.514332	10.0
58881671	952	0.938	0.938	2.0	0.568615	0.502984	1.0
147787042	953	0.9	0.932	3.0	0.609395	0.437755	2.0
236906258	954	0.837	0.832	192.0	3.37241	0.408316	10.0
166961004	955	0.818	0.818	2.0	0.528012	0.476947	1.0
19611658	956	0.822	0.83	71.0	4.74968	0.490701	10.0
37069994	957	0.919	0.911	2.0	0.576964	0.473117	1.0
33668466	958	0.916	0.953	4.0	1.19903	0.524775	2.0
145347010	959	0.981	0.981	2.0	0.37767	0.336094	1.0
89280747	960	0.849	0.849	1.0	-0.0	0.607494	1.0
23974021	961	0.953	0.938	2.0	0.664334	0.483094	1.0
139909424	962	0.887	0.887	3.0	0.764693	0.364532	4.0
72426413	963	0.922	0.922	2.0	0.523494	0.486885	1.0
212006174	964	1.0	1.0	2.0	0.526198	0.418556	1.0
233743392	965	0.917	0.917	2.0	0.452265	0.408377	1.0
236409451	966	0.88	0.891	2.0	0.420092	0.309457	1.0
139889120	967	0.951	0.951	2.0	0.529511	0.522078	1.0
15044502	968	0.896	0.896	2.0	0.435078	0.424204	1.0
9277002	969	0.805	0.805	2.0	0.60526	0.560021	1.0
25367291	970	0.808	0.906	13.0	2.19663	0.450295	7.0
33452988	971	0.83	0.94	44.0	3.50892	0.258834	9.0
6708952	972	0.888	0.888	2.0	0.591961	0.546606	1.0
66993	973	0.94	0.94	2.0	0.612441	0.535282	1.0
256730418	974	0.951	0.951	2.0	0.633437	0.589466	1.0
94965305	975	0.851	0.848	44.0	2.93118	0.516572	8.0
23246523	976	0.768	0.823	2.0	0.570015	0.427517	1.0
16827720	977	0.843	0.843	4.0	1.00555	0.574326	3.0
47742968	978	0.901	0.901	2.0	0.446302	0.366742	1.0
12597012	979	0.911	0.911	2.0	0.580407	0.537258	1.0
82296488	980	0.753	0.753	146.0	5.26862	0.693498	10.0
688273	981	0.912	0.912	2.0	0.591961	0.510029	1.0
33672294	982	0.862	0.862	1.0	-0.0	0.601542	1.0
49620984	983	0.809	0.92	159.0	3.88673	0.32067	10.0
261932674	984	0.871	0.863	2.0	0.307055	0.236237	1.0
96109157	985	1.0	1.0	2.0	0.435078	0.280836	1.0
16393123	986	0.935	0.938	93.0	1.40598	0.184283	9.0
55885084	987	0.987	0.987	1.0	-0.0	0.491499	2.0
243913373	988	0.948	0.948	2.0	0.33423	0.235098	1.0
17288031	989	0.995	0.995	2.0	0.176849	0.142634	1.0
228882103	990	0.905	0.905	3.0	0.953823	0.491674	5.0
115247248	991	0.943	0.934	133.0	2.8617	0.404724	10.0
157455254	992	0.747	0.747	1.0	-0.0	0.720827	1.0
213085196	993	0.89	0.89	2.0	0.430707	0.37759	1.0
34033504	994	0.953	0.953	2.0	0.432459	0.375037	1.0
18417216	995	0.949	0.949	109.0	3.47283	0.508826	9.0
17993006	996	0.773	0.773	2.0	0.605916	0.571459	1.0
236368003	997	1.0	1.0	2.0	0.412012	0.226842	1.0
18127893	998	0.88	0.88	2.0	0.412915	0.369247	1.0
16069024	999	0.831	0.831	2.0	0.567212	0.548367	1.0
14910806	1000	0.891	0.891	1.0	-0.0	0.559827	1.0
16703058	1001	0.891	0.875	2.0	0.399236	0.299479	1.0
21113258	1002	1.0	1.0	2.0	0.572108	0.511431	1.0
158827969	1003	0.911	0.911	2.0	0.441146	0.411504	1.0
19408219	1004	0.878	0.878	2.0	0.576273	0.533929	1.0
19624059	1005	0.852	0.852	2.0	0.436817	0.397183	1.0
6419872	1006	0.805	0.805	1.0	-0.0	0.583642	1.0
24551605	1007	0.848	0.836	202.0	4.67806	0.593003	10.0
21962567	1008	1.0	1.0	1.0	-0.0	0.00923181	1.0
23064510	1009	0.938	0.938	2.0	0.439418	0.368545	1.0
75719992	1010	0.927	0.927	2.0	0.684501	0.649472	1.0
20116255	1011	0.875	0.875	2.0	0.505079	0.487891	1.0
160249850	1012	0.805	0.805	1.0	-0.0	0.703169	1.0
55303089	1013	0.88	0.88	2.0	0.557295	0.521734	1.0
80481912	1014	0.961	0.961	2.0	0.405656	0.356593	1.0
238709006	1015	0.987	0.979	2.0	0.338307	0.256869	1.0
44672556	1016	0.859	0.859	2.0	0.649417	0.631554	1.0
8875462	1017	0.966	0.978	10.0	0.766104	0.145823	8.0
120696669	1018	0.956	0.956	2.0	0.318699	0.280078	1.0
86239624	1019	0.962	0.96	6.0	0.982687	0.450818	4.0
1253451	1020	0.867	0.867	2.0	0.581093	0.544707	1.0
57131205	1021	0.966	0.966	2.0	0.765458	0.70142	1.0
199654751	1022	0.939	0.931	22.0	1.34778	0.289883	7.0
14242280	1023	0.853	0.874	3.0	0.625018	0.294748	2.0
14605495	1024	0.924	0.924	2.0	0.398314	0.37539	1.0
84430599	1025	0.874	0.865	7.0	0.822175	0.597686	6.0
257564668	1026	0.827	0.827	17.0	3.48216	0.698129	6.0
63009240	1027	0.924	0.924	1.0	-0.0	0.692687	1.0
131267096	1028	0.927	0.927	2.0	0.532497	0.445035	1.0
30455734	1029	0.96	0.96	2.0	0.288605	0.221382	1.0
17848135	1030	0.799	0.794	8.0	2.76952	0.623082	6.0
26334426	1031	0.807	0.807	1.0	-0.0	0.620495	1.0
197216839	1032	0.836	0.773	2.0	0.592634	0.505144	1.0
22023311	1033	0.839	0.839	2.0	0.651833	0.613335	1.0
18576979	1034	0.921	0.927	2.0	0.395538	0.289675	1.0
144538924	1035	0.977	0.977	2.0	0.60984	0.552086	1.0
24794263	1036	0.854	0.854	2.0	0.572805	0.520678	1.0
132581307	1037	0.973	0.973	2.0	0.52198	0.43481	1.0
14641392	1038	0.865	0.865	2.0	0.510507	0.424165	1.0
100818788	1039	0.872	0.872	2.0	0.453112	0.427991	1.0
14625146	1040	0.891	0.891	2.0	0.651833	0.620256	1.0
14389132	1041	0.922	0.922	2.0	0.535468	0.482664	1.0
15826306	1042	0.919	0.919	2.0	0.514355	0.468748	1.0
1081	1043	0.859	0.859	2.0	0.498028	0.46115	1.0
147279456	1044	0.859	0.859	2.0	0.551553	0.537845	1.0
17385961	1045	0.869	0.956	19.0	2.71072	0.367948	7.0
21816096	1046	0.882	0.874	126.0	3.66584	0.494735	10.0
258483974	1047	0.909	0.909	2.0	0.470644	0.443458	1.0
101477465	1048	0.901	0.901	2.0	0.572805	0.556406	1.0
55145303	1049	0.954	0.95	2.0	0.401996	0.298212	1.0
14255263	1050	0.948	0.948	2.0	0.757878	0.716716	1.0
17371061	1051	0.922	0.922	2.0	0.361241	0.307953	1.0
112443324	1052	0.977	0.977	2.0	0.27748	0.254597	1.0
19841754	1053	0.942	0.931	27.0	2.43402	0.328154	7.0
197882703	1054	0.891	0.948	2.0	0.369026	0.253077	1.0
88829709	1055	0.94	0.94	2.0	0.299526	0.262824	1.0
38954124	1056	0.854	0.854	1.0	-0.0	0.743327	1.0
44601540	1057	0.917	0.917	3.0	0.722453	0.354107	4.0
83434276	1058	0.987	0.987	2.0	0.585873	0.524081	1.0
94216261	1059	0.975	0.975	2.0	0.562983	0.522549	1.0
47740393	1060	0.901	0.901	2.0	0.61953	0.59241	1.0
15529625	1061	0.901	0.901	1.0	-0.0	0.739072	1.0
161487173	1062	0.799	0.799	2.0	0.603944	0.518032	1.0
104292960	1063	0.776	0.776	2.0	0.494868	0.408482	1.0
10786382	1064	0.922	0.922	2.0	0.468996	0.460438	1.0
72218449	1065	0.901	0.901	2.0	0.558009	0.542169	1.0
82655261	1066	0.849	0.849	2.0	0.547209	0.507295	1.0
16153984	1067	0.918	0.918	3.0	0.42905	0.344292	2.0
12727902	1068	0.87	0.87	2.0	0.546482	0.518931	1.0
15120037	1069	0.911	0.911	2.0	0.5735	0.558346	1.0
14586849	1070	0.848	0.848	2.0	0.568615	0.558548	1.0
15628274	1071	0.853	0.892	8.0	2.92546	0.286948	7.0
67090241	1072	0.865	0.865	2.0	0.498028	0.438635	1.0
34075958	1073	1.0	1.0	2.0	0.579032	0.565082	1.0
260088800	1074	0.826	0.868	36.0	3.58795	0.506495	8.0
17939480	1075	0.937	0.937	2.0	0.601964	0.569658	1.0
18431771	1076	0.756	0.747	135.0	3.06312	0.488063	9.0
41291640	1077	0.911	0.911	2.0	0.328065	0.279105	1.0
23309869	1078	0.846	0.846	1.0	-0.0	0.625611	1.0
14125005	1079	0.883	0.883	2.0	0.577654	0.55111	1.0
251225221	1080	0.886	0.921	7.0	1.30114	0.114292	6.0
16381764	1081	0.875	0.875	1.0	-0.0	0.691849	1.0
14291015	1082	0.893	0.893	2.0	0.382421	0.347828	1.0
58277473	1083	0.826	0.826	2.0	0.560146	0.472721	1.0
256132522	1084	0.961	0.961	2.0	0.482874	0.421539	1.0
132250957	1085	0.938	0.938	2.0	0.481257	0.420134	1.0
49849110	1086	0.898	0.898	2.0	0.418305	0.38758	1.0
6092972	1087	0.849	0.847	5.0	1.14101	0.506153	4.0
155394436	1088	0.839	0.839	2.0	0.669016	0.655495	1.0
13884782	1089	0.995	0.995	2.0	0.267285	0.218766	1.0
84025309	1090	0.88	0.88	2.0	0.393681	0.388086	1.0
57643840	1091	0.875	0.88	102.0	2.25027	0.299029	9.0
17206658	1092	0.964	0.964	2.0	0.484487	0.472292	1.0
25290300	1093	0.958	0.958	2.0	0.695109	0.667478	1.0
15726358	1094	0.801	0.869	38.0	4.33229	0.604579	9.0
109000282	1095	0.897	0.901	30.0	1.96503	0.426618	8.0
142705588	1096	0.971	0.971	2.0	0.426305	0.385243	1.0
71847229	1097	0.971	0.992	2.0	0.199331	0.115294	1.0
33158772	1098	1.0	1.0	2.0	0.297358	0.210446	1.0
16533239	1099	0.885	0.885	2.0	0.567212	0.515622	1.0
169780995	1100	0.906	0.906	2.0	0.38995	0.323937	1.0
52575960	1101	0.854	0.854	2.0	0.579032	0.549017	1.0
93154796	1102	0.862	0.862	2.0	0.44287	0.390106	1.0
181516905	1103	0.888	0.888	2.0	0.430707	0.384406	1.0
120912662	1104	0.805	0.805	2.0	0.585873	0.534865	1.0
62515092	1105	0.955	0.961	4.0	0.899734	0.374442	2.0
135102077	1106	1.0	1.0	2.0	0.358297	0.172817	1.0
6297382	1107	0.857	0.857	2.0	0.44287	0.398402	1.0
230253710	1108	0.831	0.831	2.0	0.42365	0.337224	1.0
54252070	1109	0.846	0.846	29.0	1.73003	0.495358	8.0
90469674	1110	0.831	0.831	2.0	0.485291	0.425218	1.0
184544253	1111	0.896	0.896	2.0	0.433333	0.379929	1.0
15831401	1112	0.709	0.764	15.0	3.62085	0.627131	6.0
162052960	1113	0.742	0.742	2.0	0.49645	0.488483	1.0
105305259	1114	0.788	0.819	11.0	3.17091	0.693965	6.0
38729990	1115	0.841	0.841	2.0	0.461522	0.37871	1.0
229517477	1116	0.94	0.94	2.0	0.625896	0.58868	1.0
81505840	1117	0.922	0.922	2.0	0.56651	0.554765	1.0
28377973	1118	0.93	0.93	2.0	0.480447	0.438039	1.0
147977705	1119	0.961	0.961	2.0	0.363197	0.303371	1.0
125218969	1120	0.872	0.872	2.0	0.369992	0.301564	1.0
231535622	1121	0.951	0.951	2.0	0.60984	0.580181	1.0
46205067	1122	0.87	0.87	2.0	0.436817	0.384354	1.0
149075605	1123	0.932	0.932	2.0	0.47311	0.452622	1.0
232420456	1124	0.901	0.901	2.0	0.452265	0.396301	1.0
89552709	1125	0.878	0.864	116.0	1.92002	0.274388	9.0
5693062	1126	0.861	0.861	21.0	3.11131	0.510555	7.0
16181186	1127	0.967	0.969	2.0	0.236773	0.168432	1.0
227818834	1128	0.82	0.82	2.0	0.471467	0.398007	1.0
114685387	1129	0.867	0.867	1.0	-0.0	0.651085	1.0
15113529	1130	0.885	0.885	2.0	0.315546	0.304303	1.0
651543	1131	0.956	0.956	2.0	0.464023	0.416309	1.0
18183164	1132	0.896	0.932	2.0	0.445446	0.285112	1.0
104346439	1133	0.94	0.942	2.0	0.32392	0.222649	1.0
29708582	1134	0.922	0.922	2.0	0.39739	0.360911	1.0
16278276	1135	0.956	0.956	7.0	0.675126	0.290687	6.0
18327007	1136	0.909	0.909	2.0	0.467342	0.451205	1.0
18629665	1137	0.841	0.901	10.0	2.90536	0.528084	6.0
7018942	1138	0.826	0.829	22.0	1.34726	0.491127	8.0
28564127	1139	0.958	0.958	2.0	0.435078	0.396528	1.0
59355478	1140	0.953	0.953	2.0	0.426305	0.397276	1.0
24483516	1141	0.767	0.789	26.0	3.67595	0.748141	8.0
102627173	1142	0.826	0.867	2.0	0.411108	0.321003	1.0
48726854	1143	0.924	0.924	2.0	0.410203	0.381221	1.0
18873213	1144	0.896	0.896	2.0	0.473929	0.46441	1.0
55391997	1145	0.961	0.961	2.0	0.351373	0.317045	1.0
19404944	1146	0.94	0.94	2.0	0.470644	0.435517	1.0
37222477	1147	0.883	0.883	2.0	0.467342	0.422162	1.0
226207535	1148	0.945	0.945	2.0	0.615029	0.585004	1.0
237197733	1149	0.874	0.892	4.0	0.923993	0.437499	2.0
118910013	1150	0.958	0.958	2.0	0.472289	0.400291	1.0
211185030	1151	0.882	0.879	179.0	4.40581	0.545615	10.0
91488968	1152	0.8	0.825	11.0	0.937617	0.275198	7.0
15043499	1153	0.93	0.93	2.0	0.335252	0.287042	1.0
22878414	1154	0.938	0.938	2.0	0.391818	0.36065	1.0
12536272	1155	0.842	0.83	225.0	4.03873	0.499393	10.0
14366637	1156	0.83	0.824	10.0	1.5538	0.511357	6.0
23757784	1157	0.888	0.888	2.0	0.553713	0.499944	1.0
62584936	1158	0.979	0.987	2.0	0.347138	0.213227	1.0
165814490	1159	0.885	0.885	2.0	0.414717	0.372322	1.0
118154517	1160	0.844	0.956	12.0	2.79375	0.174877	7.0
53288855	1161	0.81	0.807	73.0	3.55534	0.594615	9.0
137795640	1162	0.922	0.943	2.0	0.405656	0.28213	1.0
133429465	1163	0.914	0.914	2.0	0.402913	0.361069	1.0
113831847	1164	0.871	0.871	1.0	-0.0	0.137142	1.0
68601138	1165	0.954	0.954	2.0	0.36222	0.297008	1.0
84988534	1166	0.953	0.953	2.0	0.366118	0.307832	1.0
13451802	1167	0.87	0.87	6.0	1.58666	0.585692	3.0
17579692	1168	0.932	0.932	2.0	0.28418	0.231964	1.0
42468157	1169	1.0	1.0	2.0	0.264995	0.140346	1.0
18356346	1170	0.867	0.867	2.0	0.591961	0.586854	1.0
17522884	1171	0.776	0.778	74.0	3.95034	0.572128	9.0
237729743	1172	0.694	0.756	24.0	1.61352	0.391259	7.0
13785352	1173	0.927	0.927	2.0	0.381474	0.361073	1.0
19023804	1174	0.747	0.747	97.0	4.52074	0.688586	9.0
15299357	1175	0.935	0.935	2.0	0.564396	0.514145	1.0
221070728	1176	0.992	0.992	2.0	0.219625	0.180563	1.0
14053295	1177	0.917	0.917	2.0	0.269566	0.245508	1.0
33778988	1178	0.807	0.807	1.0	-0.0	0.543151	1.0
11580962	1179	0.846	0.888	37.0	2.18955	0.465313	8.0
165826885	1180	0.909	0.909	2.0	0.365146	0.318416	1.0
78792100	1181	0.901	0.901	2.0	0.498815	0.469871	1.0
6219652	1182	0.836	0.836	2.0	0.460686	0.431007	1.0
37341338	1183	0.862	0.862	2.0	0.558009	0.520304	1.0
143882311	1184	0.862	0.862	2.0	0.465685	0.457905	1.0
16163790	1185	0.898	0.898	2.0	0.521222	0.503129	1.0
152479960	1186	0.963	0.963	2.0	0.183567	0.13159	1.0
17357018	1187	0.938	0.938	2.0	0.363197	0.298607	1.0
18421171	1188	0.909	0.909	1.0	-0.0	0.443123	1.0
40340319	1189	0.963	0.963	2.0	0.214624	0.194443	1.0
34700428	1190	0.982	0.982	3.0	0.360239	0.214151	2.0
25478329	1191	0.929	0.929	2.0	0.39275	0.32571	1.0
245188974	1192	0.88	0.88	1.0	-0.0	0.649262	1.0
221452291	1193	0.896	0.896	1.0	-0.0	0.753383	1.0
41123794	1194	0.867	0.867	2.0	0.508961	0.452728	1.0
69648081	1195	0.722	0.787	59.0	1.88914	0.340669	8.0
27366229	1196	0.948	0.948	2.0	0.447157	0.413303	1.0
24703871	1197	0.951	0.951	1.0	-0.0	0.404031	1.0
238948489	1198	0.857	0.857	2.0	0.62017	0.580104	1.0
19179815	1199	0.948	0.948	2.0	0.315546	0.277422	1.0
107852752	1200	0.93	0.93	2.0	0.387137	0.31087	1.0
32435460	1201	0.872	0.872	2.0	0.613089	0.608405	1.0
683523	1202	0.924	0.924	2.0	0.415616	0.383566	1.0
49004946	1203	0.904	0.904	2.0	0.479636	0.42435	1.0
14738804	1204	0.896	0.896	2.0	0.616319	0.607313	1.0
26486510	1205	0.94	0.94	2.0	0.431583	0.361981	1.0
52553796	1206	0.939	0.952	4.0	0.939358	0.356204	3.0
16506571	1207	0.858	0.878	94.0	2.70039	0.423578	9.0
9355162	1208	0.895	0.901	4.0	0.801653	0.559706	4.0
225298709	1209	0.843	0.912	11.0	2.91992	0.288585	6.0
14061771	1210	0.773	0.805	135.0	3.99335	0.551189	10.0
76488224	1211	0.826	0.826	1.0	-0.0	0.559827	1.0
14331959	1212	0.846	0.846	2.0	0.574194	0.558196	1.0
102186571	1213	0.888	0.888	2.0	0.405656	0.365574	1.0
27512005	1214	0.94	0.94	2.0	0.388076	0.369529	1.0
1428831	1215	0.964	0.964	2.0	0.386196	0.302518	1.0
25276905	1216	0.883	0.883	2.0	0.638406	0.620305	1.0
144712717	1217	0.922	0.922	2.0	0.35435	0.32542	1.0
5874452	1218	0.922	0.922	2.0	0.607882	0.538255	1.0
21129459	1219	0.779	0.818	2.0	0.369992	0.287539	1.0
118791169	1220	0.846	0.846	1.0	-0.0	0.699059	1.0
12834972	1221	0.859	0.859	2.0	0.531752	0.51901	1.0
15302120	1222	0.96	0.962	3.0	0.563505	0.4668	3.0
20352504	1223	0.935	0.935	2.0	0.243961	0.220286	1.0
9074582	1224	0.948	0.948	2.0	0.445446	0.405444	1.0
21486753	1225	0.93	0.93	2.0	0.520463	0.491903	1.0
48394755	1226	0.992	0.992	2.0	0.172772	0.146871	1.0
16492009	1227	0.83	0.821	46.0	4.09142	0.583279	9.0
154708805	1228	0.915	0.904	7.0	2.62049	0.512938	6.0
185638007	1229	0.967	0.975	2.0	0.210842	0.149647	1.0
252429974	1230	0.99	0.99	2.0	0.04099	0.0284717	1.0
101171750	1231	0.826	0.826	2.0	0.711388	0.701319	1.0
30780296	1232	0.917	0.917	2.0	0.243961	0.202452	1.0
56805668	1233	0.902	0.902	2.0	0.513588	0.474758	1.0
163250088	1234	0.742	0.742	2.0	0.461522	0.447602	1.0
31620237	1235	0.887	0.893	12.0	2.71971	0.423002	6.0
14098332	1236	0.914	0.914	2.0	0.4885	0.465429	1.0
52405458	1237	0.935	0.935	2.0	0.309189	0.258039	1.0
14382508	1238	0.841	0.841	2.0	0.635927	0.633285	1.0
126912691	1239	0.823	0.823	2.0	0.571412	0.558417	1.0
782010	1240	0.867	0.867	2.0	0.565101	0.544415	1.0
81192788	1241	0.909	0.909	2.0	0.47311	0.441549	1.0
18540889	1242	0.909	0.909	2.0	0.429829	0.41231	1.0
15199325	1243	0.878	0.935	90.0	3.40855	0.418588	9.0
26734588	1244	0.948	0.948	2.0	0.455647	0.413568	1.0
163466354	1245	0.773	0.926	27.0	3.18965	0.163567	9.0
172771660	1246	0.952	0.952	2.0	0.321837	0.251465	1.0
41549425	1247	0.924	0.924	2.0	0.37192	0.340272	1.0
17898705	1248	0.935	0.941	49.0	1.69807	0.287985	8.0
36279515	1249	0.911	0.911	2.0	0.403829	0.361366	1.0
8299792	1250	0.921	0.948	11.0	1.72946	0.443348	5.0
245701255	1251	0.906	0.917	2.0	0.375759	0.275466	1.0
5126871	1252	0.958	0.958	2.0	0.253405	0.225913	1.0
749333	1253	0.931	0.94	120.0	1.81768	0.249229	10.0
56653	1254	0.964	0.964	2.0	0.378623	0.345505	1.0
18414159	1255	0.964	0.945	2.0	0.434206	0.315936	1.0
25762392	1256	0.853	0.869	17.0	0.987632	0.277356	7.0
236242567	1257	0.917	0.917	1.0	-0.0	0.425591	1.0
15555038	1258	0.969	0.969	2.0	0.350378	0.294749	1.0
42670114	1259	0.932	0.932	2.0	0.412915	0.406354	1.0
48181005	1260	0.88	0.88	1.0	-0.0	0.590124	1.0
18478410	1261	0.878	0.878	2.0	0.590614	0.54995	1.0
16087477	1262	0.945	0.945	2.0	0.466514	0.430741	1.0
56458700	1263	0.846	0.846	1.0	-0.0	0.54131	1.0
137786520	1264	0.888	0.888	1.0	-0.0	0.396025	1.0
96387764	1265	0.904	0.904	1.0	-0.0	0.551185	1.0
7929742	1266	0.969	0.969	2.0	0.550108	0.472866	1.0
16201819	1267	0.78	0.812	6.0	2.3933	0.594066	5.0
152887479	1268	0.899	0.871	179.0	2.80622	0.357359	10.0
18152057	1269	0.856	0.856	2.0	0.305985	0.24756	1.0
10334122	1270	0.893	0.893	2.0	0.405656	0.380094	1.0
99740489	1271	0.906	0.906	2.0	0.395538	0.333325	1.0
14326003	1272	0.934	0.939	3.0	0.462917	0.301519	2.0
161700842	1273	0.818	0.818	2.0	0.252233	0.235624	1.0
17542395	1274	0.852	0.849	6.0	1.22548	0.51462	6.0
142977623	1275	0.869	0.866	12.0	2.98921	0.577863	9.0
26747105	1276	0.813	0.838	92.0	4.53143	0.570582	9.0
19153333	1277	0.909	0.93	2.0	0.381474	0.300994	1.0
9131582	1278	0.753	0.806	46.0	1.81234	0.437043	8.0
182899207	1279	0.924	0.924	2.0	0.491692	0.406543	1.0
271083347	1280	0.94	0.938	2.0	0.393681	0.287222	1.0
39825031	1281	0.921	0.921	28.0	2.22854	0.550986	8.0
27095215	1282	0.977	0.977	2.0	0.254575	0.213992	1.0
213310819	1283	1.0	1.0	2.0	0.336272	0.239829	1.0
28873178	1284	0.888	0.888	2.0	0.574888	0.553773	1.0
5798602	1285	0.862	0.862	36.0	1.83645	0.466148	8.0
69605342	1286	0.911	0.911	2.0	0.452265	0.435563	1.0
167613805	1287	0.836	0.836	1.0	-0.0	0.642832	1.0
198728250	1288	0.839	0.839	1.0	-0.0	0.642215	1.0
28018672	1289	0.862	0.862	2.0	0.432459	0.426229	1.0
22736954	1290	0.798	0.798	2.0	0.307055	0.258545	1.0
59857359	1291	0.871	0.865	5.0	0.79681	0.421614	4.0
45190383	1292	0.885	0.912	7.0	2.70317	0.509776	6.0
41883924	1293	0.836	0.879	40.0	2.83471	0.292911	10.0
16010789	1294	0.907	0.893	39.0	2.34601	0.485451	8.0
76373	1295	0.836	0.836	2.0	0.547209	0.523766	1.0
19831538	1296	0.836	0.836	2.0	0.708178	0.702619	1.0
142169165	1297	0.976	0.976	3.0	0.39642	0.270947	2.0
16050292	1298	0.911	0.911	2.0	0.44373	0.384738	1.0
17415305	1299	0.867	0.867	2.0	0.225811	0.210283	1.0
157645081	1300	0.833	0.833	2.0	0.419199	0.374919	1.0
35656602	1301	0.901	0.901	2.0	0.513588	0.499674	1.0
25197341	1302	0.898	0.898	2.0	0.536948	0.524324	1.0
93657366	1303	0.965	0.965	2.0	0.490896	0.455972	1.0
197178807	1304	0.862	0.876	17.0	3.27945	0.449403	8.0
9015512	1305	0.935	0.935	2.0	0.493282	0.458542	1.0
5051171	1306	0.883	0.883	2.0	0.577654	0.545557	1.0
98580028	1307	0.943	0.943	2.0	0.391818	0.334826	1.0
15066876	1308	0.921	0.913	3.0	0.558708	0.449241	2.0
17610796	1309	0.94	0.94	2.0	0.541367	0.499839	1.0
29862576	1310	0.924	0.924	1.0	-0.0	0.489362	1.0
12350902	1311	0.885	0.885	2.0	0.460686	0.447938	1.0
180703009	1312	0.852	0.852	1.0	-0.0	0.526374	1.0
28609576	1313	0.982	0.995	2.0	0.305985	0.205381	1.0
18795950	1314	0.944	0.967	2.0	0.264995	0.147578	1.0
201531255	1315	0.843	0.852	7.0	2.70751	0.57264	6.0
18254895	1316	0.896	0.896	2.0	0.581778	0.571508	1.0
64365916	1317	0.963	0.963	5.0	0.490066	0.296036	5.0
146237367	1318	0.948	0.948	2.0	0.484487	0.42397	1.0
17005197	1319	0.888	0.888	1.0	-0.0	0.620495	1.0
201582573	1320	0.964	0.964	2.0	0.272971	0.242336	1.0
134389056	1321	0.917	0.917	1.0	-0.0	0.430902	1.0
1807651	1322	0.951	0.951	2.0	0.550831	0.47359	1.0
37687528	1323	1.0	1.0	2.0	0.301687	0.121101	1.0
14848221	1324	0.906	0.906	2.0	0.538425	0.508245	1.0
37920064	1325	0.896	0.896	1.0	-0.0	0.389473	1.0
15229127	1326	0.93	0.93	2.0	0.403829	0.398154	1.0
87820847	1327	0.961	0.961	2.0	0.384312	0.369033	1.0
123905824	1328	0.88	0.88	2.0	0.46319	0.440206	1.0
32992448	1329	0.977	0.977	2.0	0.338307	0.289048	1.0
180084261	1330	0.943	0.943	2.0	0.517417	0.435399	1.0
30672736	1331	0.958	0.958	2.0	0.472289	0.404847	1.0
100426508	1332	0.898	0.898	1.0	-0.0	0.58158	1.0
65853632	1333	0.911	0.891	2.0	0.331155	0.234393	1.0
17961246	1334	1.0	1.0	2.0	0.273523	0.183189	1.0
69604327	1335	0.909	0.909	2.0	0.434206	0.390413	1.0
17071737	1336	0.859	0.859	2.0	0.462357	0.414021	1.0
111435350	1337	0.867	0.867	1.0	-0.0	0.570454	1.0
119480392	1338	0.902	0.897	11.0	1.78148	0.491901	5.0
829771	1339	0.904	0.904	2.0	0.559435	0.513752	1.0
69366493	1340	0.927	0.927	2.0	0.547209	0.461366	1.0
63283271	1341	0.932	0.932	2.0	0.440283	0.411663	1.0
177430378	1342	0.914	0.914	2.0	0.357313	0.341896	1.0
116369099	1343	0.886	0.897	26.0	0.978914	0.24119	7.0
188876890	1344	0.944	0.954	2.0	0.086946	0.0621686	1.0
17945843	1345	0.812	0.812	1.0	-0.0	0.471438	1.0
17315836	1346	0.919	0.938	2.0	0.494076	0.386673	1.0
20905953	1347	0.893	0.893	2.0	0.559435	0.509419	1.0
127810704	1348	0.864	0.882	8.0	0.439145	0.0928594	9.0
23335196	1349	0.919	0.919	2.0	0.316599	0.24095	1.0
65584054	1350	0.898	0.898	2.0	0.615675	0.611081	1.0
17343124	1351	0.701	0.701	2.0	0.400157	0.388068	1.0
95646719	1352	0.927	0.927	5.0	1.0871	0.490014	4.0
15237935	1353	0.833	0.833	2.0	0.410203	0.351381	1.0
136004374	1354	0.998	0.998	2.0	0.292998	0.245225	1.0
203893499	1355	0.822	0.825	97.0	4.62223	0.511347	10.0
46541067	1356	0.945	0.945	2.0	0.445446	0.433851	1.0
64624131	1357	0.898	0.898	2.0	0.44373	0.407198	1.0
23103362	1358	0.904	0.904	2.0	0.434206	0.397696	1.0
84623393	1359	0.9	0.929	2.0	0.37192	0.292504	1.0
33221756	1360	0.867	0.894	22.0	1.32849	0.308574	7.0
17644563	1361	0.969	0.969	2.0	0.357313	0.29252	1.0
217622434	1362	0.878	0.878	1.0	-0.0	0.536868	1.0
109604578	1363	0.917	0.917	2.0	0.410203	0.399411	1.0
99356759	1364	0.896	0.896	2.0	0.430707	0.385613	1.0
35523686	1365	0.871	0.882	91.0	3.19896	0.3844	10.0
32718488	1366	0.924	0.924	2.0	0.391818	0.359924	1.0
17972230	1367	0.836	0.836	1.0	-0.0	0.567992	1.0
90932230	1368	0.92	0.928	148.0	2.25542	0.316677	10.0
78564080	1369	0.906	0.906	2.0	0.387137	0.355091	1.0
14576426	1370	0.807	0.807	2.0	0.506634	0.463691	1.0
18179554	1371	0.966	0.966	2.0	0.411108	0.365009	1.0
5385262	1372	0.956	0.956	2.0	0.437686	0.425722	1.0
74613440	1373	0.859	0.859	2.0	0.537687	0.529316	1.0
174165638	1374	0.952	0.952	2.0	0.421873	0.350561	1.0
36204399	1375	0.844	0.853	19.0	1.98106	0.236682	7.0
3041201	1376	0.918	0.926	4.0	0.832723	0.408174	2.0
161340812	1377	0.859	0.859	2.0	0.39275	0.350823	1.0
120646679	1378	0.924	0.924	2.0	0.551553	0.529694	1.0
84045446	1379	0.854	0.854	1.0	-0.0	0.580201	1.0
134761691	1380	0.865	0.865	2.0	0.360262	0.341984	1.0
57888537	1381	0.88	0.88	2.0	0.445446	0.424071	1.0
34012344	1382	0.948	0.948	2.0	0.455647	0.365194	1.0
14911286	1383	0.911	0.911	2.0	0.343365	0.326191	1.0
196287255	1384	0.881	0.866	45.0	3.33518	0.337636	9.0
250742408	1385	0.773	0.773	1.0	-0.0	0.630678	1.0
20545925	1386	0.906	0.943	2.0	0.336272	0.256344	1.0
239271745	1387	0.906	0.906	1.0	-0.0	0.464791	1.0
101253269	1388	0.859	0.859	2.0	0.552273	0.540326	1.0
7614052	1389	0.878	0.878	2.0	0.448012	0.437916	1.0
17896640	1390	0.831	0.831	2.0	0.597984	0.588478	1.0
63292317	1391	0.872	0.872	1.0	-0.0	0.560318	1.0
55995317	1392	0.906	0.906	2.0	0.401077	0.38002	1.0
16089513	1393	0.917	0.917	2.0	0.531752	0.496098	1.0
45433486	1394	0.992	0.984	2.0	0.431583	0.319766	1.0
237783314	1395	0.951	0.951	2.0	0.320793	0.290076	1.0
26590781	1396	0.867	0.867	2.0	0.525757	0.509168	1.0
22539801	1397	0.945	0.945	2.0	0.557295	0.538766	1.0
21770568	1398	0.915	0.915	2.0	0.565101	0.522987	1.0
7205122	1399	0.943	0.943	1.0	-0.0	0.587404	1.0
60578598	1400	0.891	0.891	2.0	0.491692	0.459346	1.0
18628769	1401	0.93	0.93	2.0	0.312375	0.25412	1.0
10284332	1402	0.88	0.88	2.0	0.450567	0.371104	1.0
46668984	1403	0.894	0.891	199.0	4.56661	0.519937	10.0
14105540	1404	0.927	0.927	1.0	-0.0	0.426036	1.0
17037986	1405	0.909	0.909	2.0	0.452265	0.434178	1.0
231496926	1406	0.945	0.945	2.0	0.558009	0.55067	1.0
28562298	1407	0.935	0.963	2.0	0.382421	0.273687	1.0
15228091	1408	0.878	0.883	25.0	1.51515	0.36741	7.0
18988817	1409	0.87	0.87	1.0	-0.0	0.508341	1.0
53000535	1410	0.938	0.938	2.0	0.366118	0.332108	1.0
106831967	1411	0.966	0.979	2.0	0.219625	0.162171	1.0
81052999	1412	0.906	0.906	2.0	0.52198	0.511861	1.0
70422863	1413	0.956	0.956	2.0	0.316599	0.289869	1.0
14056454	1414	0.901	0.901	2.0	0.378623	0.359237	1.0
20289960	1415	0.94	0.94	2.0	0.470644	0.40795	1.0
119178303	1416	0.862	0.862	1.0	-0.0	0.618565	1.0
129319803	1417	0.802	0.802	2.0	0.430707	0.396256	1.0
231998027	1418	0.965	0.965	2.0	0.459849	0.433336	1.0
18774686	1419	0.931	0.917	68.0	2.07427	0.311936	10.0
38570998	1420	0.956	0.956	2.0	0.355339	0.303092	1.0
98182662	1421	0.871	0.871	2.0	0.545025	0.506936	1.0
129915741	1422	0.887	0.887	2.0	0.4877	0.417801	1.0
38851140	1423	0.966	0.966	2.0	0.404743	0.374872	1.0
19241200	1424	0.865	0.865	2.0	0.553713	0.50442	1.0
9561522	1425	0.924	0.924	2.0	0.384312	0.356037	1.0
77283686	1426	0.953	0.953	2.0	0.32392	0.293996	1.0
189116097	1427	0.947	0.939	4.0	0.797147	0.355378	2.0
40822836	1428	0.914	0.914	2.0	0.442009	0.409344	1.0
3395021	1429	0.966	0.966	2.0	0.368058	0.307581	1.0
137531481	1430	0.974	0.969	2.0	0.234356	0.14279	1.0
193689467	1431	0.771	0.771	2.0	0.251059	0.223041	1.0
76498257	1432	0.875	0.875	2.0	0.32392	0.29781	1.0
14938248	1433	0.878	0.878	2.0	0.464023	0.452765	1.0
14553055	1434	0.935	0.935	2.0	0.479636	0.452065	1.0
13107602	1435	0.938	0.938	2.0	0.400157	0.34199	1.0
114628210	1436	0.943	0.943	2.0	0.464854	0.446582	1.0
15898695	1437	0.883	0.883	2.0	0.33423	0.274367	1.0
14216821	1438	0.971	0.971	2.0	0.558009	0.531811	1.0
171303103	1439	0.935	0.933	49.0	1.72725	0.338691	8.0
72404375	1440	0.938	0.938	2.0	0.366118	0.317752	1.0
11299932	1441	0.805	0.822	102.0	4.04141	0.510031	10.0
88822659	1442	0.958	0.979	2.0	0.266141	0.155788	1.0
9676152	1443	0.868	0.921	26.0	3.17106	0.41398	8.0
17424617	1444	0.99	0.984	2.0	0.283069	0.201817	1.0
185152562	1445	0.873	0.873	2.0	0.412012	0.340545	1.0
13342982	1446	0.901	0.901	2.0	0.471467	0.413038	1.0
195742848	1447	0.979	0.979	2.0	0.543564	0.525454	1.0
39986906	1448	0.893	0.893	2.0	0.60984	0.603137	1.0
18994034	1449	0.901	0.901	2.0	0.508186	0.475022	1.0
164391207	1450	0.943	0.943	2.0	0.324959	0.284696	1.0
17935861	1451	0.867	0.867	2.0	0.58791	0.54798	1.0
6065942	1452	0.919	0.919	2.0	0.402913	0.353742	1.0
154776946	1453	0.982	0.984	2.0	0.318699	0.240424	1.0
24661757	1454	0.958	0.932	2.0	0.438553	0.345456	1.0
38610291	1455	0.951	0.951	2.0	0.512049	0.476278	1.0
182562771	1456	0.95	0.95	2.0	0.451416	0.404346	1.0
18161157	1457	0.909	0.909	2.0	0.421873	0.383089	1.0
83719783	1458	0.919	0.919	2.0	0.44373	0.407519	1.0
165320996	1459	0.971	0.971	2.0	0.345377	0.276072	1.0
22050760	1460	0.966	0.966	2.0	0.131379	0.0952294	1.0
35536649	1461	0.852	0.852	2.0	0.524249	0.520451	1.0
9654112	1462	0.943	0.943	2.0	0.679963	0.674867	1.0
14160471	1463	0.924	0.924	2.0	0.253405	0.221697	1.0
36944780	1464	0.927	0.927	2.0	0.472289	0.437412	1.0
50718249	1465	0.878	0.878	2.0	0.611142	0.60687	1.0
12421062	1466	0.872	0.872	1.0	-0.0	0.533888	1.0
150872447	1467	0.952	0.948	85.0	1.52291	0.226782	9.0
36906540	1468	0.997	0.997	2.0	0.161353	0.135227	1.0
163791241	1469	0.932	0.932	2.0	0.39739	0.360562	1.0
73683746	1470	0.935	0.935	2.0	0.516653	0.508157	1.0
40701143	1471	0.945	0.945	2.0	0.41741	0.373578	1.0
6811802	1472	0.927	0.927	2.0	0.388076	0.376359	1.0
88321965	1473	0.924	0.919	30.0	2.32019	0.486868	8.0
67353081	1474	0.953	0.953	2.0	0.319747	0.285799	1.0
94831581	1475	0.747	0.796	73.0	2.106	0.26086	10.0
14133436	1476	0.961	0.961	2.0	0.44373	0.427993	1.0
147342909	1477	0.917	0.917	2.0	0.435948	0.415436	1.0
22254576	1478	0.956	0.956	2.0	0.403829	0.391799	1.0
18497497	1479	0.901	0.901	1.0	-0.0	0.596533	1.0
52504599	1480	0.938	0.938	2.0	0.46817	0.436273	1.0
20996839	1481	0.872	0.854	3.0	0.503826	0.425005	3.0
43466527	1482	0.896	0.896	1.0	-0.0	0.593169	1.0
51678226	1483	1.0	1.0	2.0	0.267285	0.176069	1.0
157618219	1484	0.956	0.981	2.0	0.220868	0.102371	1.0
79543	1485	0.922	0.922	2.0	0.684501	0.680145	1.0
156985004	1486	0.93	0.93	2.0	0.344371	0.298384	1.0
256060579	1487	0.992	0.992	5.0	0.491395	0.267384	5.0
211618152	1488	0.81	0.81	2.0	0.367089	0.292861	1.0
26773692	1489	0.937	0.948	8.0	0.898238	0.285943	6.0
183499665	1490	0.987	0.99	2.0	0.186229	0.12185	1.0
234001935	1491	0.958	0.958	2.0	0.408388	0.341607	1.0
94358525	1492	0.922	0.922	4.0	0.577766	0.438933	4.0
95993756	1493	0.988	0.988	2.0	0.311315	0.270788	1.0
36522491	1494	0.893	0.893	2.0	0.449716	0.41661	1.0
100281735	1495	0.914	0.914	2.0	0.210842	0.17136	1.0
4388251	1496	0.932	0.932	2.0	0.403829	0.358682	1.0
62625917	1497	0.865	0.865	2.0	0.459849	0.444193	1.0
24603879	1498	0.948	0.948	2.0	0.440283	0.407074	1.0
14638851	1499	0.987	0.987	2.0	0.505079	0.451374	1.0
121271356	1500	0.917	0.917	2.0	0.494076	0.472978	1.0
237823964	1501	0.89	0.89	2.0	0.395538	0.355068	1.0
16813361	1502	0.867	0.867	1.0	-0.0	0.542047	1.0
8596022	1503	0.904	0.904	2.0	0.538425	0.512952	1.0
82328753	1504	0.904	0.904	1.0	-0.0	0.543151	1.0
20276964	1505	0.914	0.914	2.0	0.344371	0.302767	1.0
24561424	1506	0.863	0.863	2.0	0.343365	0.286071	1.0
91836238	1507	0.933	0.933	58.0	2.64398	0.490137	8.0
19886908	1508	0.773	0.841	66.0	3.78879	0.335943	9.0
14786110	1509	0.917	0.917	2.0	0.39461	0.355783	1.0
15450996	1510	0.865	0.868	43.0	2.95796	0.538592	8.0
197545732	1511	0.995	0.995	2.0	0.258069	0.192352	1.0
254629570	1512	1.0	1.0	2.0	0.407479	0.34648	1.0
17284883	1513	0.927	0.927	2.0	0.30384	0.246681	1.0
254639896	1514	0.985	0.985	2.0	0.42895	0.354222	1.0
110975167	1515	0.901	0.901	1.0	-0.0	0.575696	1.0
49546030	1516	0.984	0.984	2.0	0.425422	0.386925	1.0
118278304	1517	0.935	0.935	35.0	2.01231	0.452435	8.0
13047322	1518	0.943	0.943	2.0	0.456489	0.425683	1.0
180390958	1519	0.896	0.896	2.0	0.405656	0.377576	1.0
43573375	1520	0.927	0.918	5.0	0.602055	0.333619	5.0
17116782	1521	0.778	0.872	42.0	3.82084	0.309635	9.0
130665774	1522	0.948	0.948	2.0	0.274101	0.259251	1.0
24654508	1523	0.979	0.979	2.0	0.358297	0.323583	1.0
15524112	1524	0.977	0.984	2.0	0.329097	0.257021	1.0
162026211	1525	0.93	0.93	2.0	0.420092	0.402282	1.0
17025083	1526	0.969	0.969	2.0	0.195436	0.160906	1.0
46019128	1527	0.875	0.875	2.0	0.437686	0.399246	1.0
73935697	1528	0.932	0.932	2.0	0.596651	0.549751	1.0
14796279	1529	0.932	0.932	2.0	0.369026	0.349246	1.0
11991832	1530	0.904	0.904	2.0	0.523494	0.475431	1.0
46787681	1531	0.88	0.88	1.0	-0.0	0.603201	1.0
212950155	1532	0.935	0.935	2.0	0.380525	0.359493	1.0
198911524	1533	0.879	0.922	85.0	3.19512	0.307132	10.0
87658967	1534	0.799	0.836	121.0	3.80102	0.425775	10.0
241798265	1535	0.977	0.977	2.0	0.263846	0.216593	1.0
42055361	1536	0.977	0.977	2.0	0.316599	0.283791	1.0
28391808	1537	0.951	0.951	2.0	0.374801	0.365281	1.0
94397566	1538	0.906	0.906	2.0	0.319747	0.299624	1.0
60843560	1539	0.943	0.943	2.0	0.380525	0.334845	1.0
6271842	1540	0.872	0.872	2.0	0.479636	0.455868	1.0
25191558	1541	0.898	0.898	2.0	0.267285	0.224697	1.0
29125475	1542	0.916	0.913	36.0	1.17512	0.359064	8.0
18107886	1543	0.901	0.901	2.0	0.409296	0.379867	1.0
1797291	1544	0.953	0.956	12.0	1.07894	0.430888	7.0
222555703	1545	0.896	0.896	2.0	0.486898	0.446386	1.0
18997715	1546	0.935	0.935	1.0	-0.0	0.508341	1.0
95142106	1547	1.0	1.0	1.0	-0.0	0.448717	1.0
155860622	1548	0.953	0.958	2.0	0.22704	0.121693	1.0
57133313	1549	0.874	0.913	41.0	1.62449	0.363498	8.0
17155995	1550	0.878	0.95	27.0	2.34097	0.262655	7.0
15123270	1551	0.938	0.938	2.0	0.49566	0.45696	1.0
16107785	1552	0.934	0.916	4.0	0.768466	0.371253	2.0
108801441	1553	0.872	0.872	139.0	3.61773	0.512109	9.0
229255063	1554	0.979	0.979	2.0	0.251059	0.199021	1.0
15940736	1555	0.839	0.971	87.0	3.67206	0.242633	10.0
20610029	1556	0.888	0.888	2.0	0.400157	0.321515	1.0
152132388	1557	1.0	1.0	2.0	0.23071	0.159265	1.0
24741411	1558	0.966	0.966	2.0	0.413817	0.342036	1.0
130682467	1559	0.883	0.883	1.0	-0.0	0.615007	1.0
25316788	1560	0.898	0.898	2.0	0.351373	0.334844	1.0
38003948	1561	0.956	0.956	2.0	0.316599	0.307811	1.0
215683551	1562	0.984	0.984	2.0	0.111416	0.0970947	1.0
23225823	1563	0.979	0.979	2.0	0.252233	0.225947	1.0
223704520	1564	0.763	0.763	2.0	0.364172	0.321047	1.0
60775372	1565	0.956	0.956	2.0	0.313434	0.258047	1.0
67771977	1566	0.922	0.922	2.0	0.407479	0.397263	1.0
21695613	1567	0.896	0.896	1.0	-0.0	0.475147	1.0
2384071	1568	0.844	0.844	2.0	0.508961	0.482128	1.0
28784606	1569	0.901	0.901	2.0	0.434206	0.395204	1.0
19297904	1570	0.958	0.958	2.0	0.448012	0.419516	1.0
21229200	1571	0.948	0.948	2.0	0.28529	0.262996	1.0
164386441	1572	0.977	0.977	2.0	0.111416	0.0927193	1.0
9405862	1573	0.888	0.888	2.0	0.575581	0.541326	1.0
15412816	1574	0.818	0.818	2.0	0.455647	0.437802	1.0
84623487	1575	0.904	0.904	2.0	0.492488	0.479118	1.0
35402203	1576	0.849	0.849	2.0	0.416514	0.402142	1.0
21945140	1577	0.952	0.952	1.0	-0.0	0.153885	1.0
224770553	1578	0.817	0.839	12.0	3.1618	0.53438	7.0
114924096	1579	0.797	0.797	2.0	0.49645	0.433684	1.0
72826714	1580	0.948	0.948	2.0	0.33729	0.281047	1.0
16694698	1581	0.891	0.891	2.0	0.560146	0.541215	1.0
14391111	1582	0.901	0.901	1.0	-0.0	0.476378	1.0
17740210	1583	0.953	0.953	1.0	-0.0	0.548641	1.0
15811608	1584	0.933	0.927	4.0	0.581821	0.427749	4.0
181484486	1585	0.933	0.933	2.0	0.37767	0.354816	1.0
5449422	1586	0.927	0.927	2.0	0.508186	0.482621	1.0
18208795	1587	0.966	0.966	2.0	0.259229	0.221466	1.0
198251048	1588	0.87	0.87	2.0	0.435078	0.405877	1.0
111143746	1589	0.867	0.867	2.0	0.396464	0.362727	1.0
51173333	1590	0.927	0.927	2.0	0.39461	0.381008	1.0
24113	1591	0.958	0.958	2.0	0.364172	0.329843	1.0
44769565	1592	0.997	0.995	2.0	0.454803	0.328403	1.0
19590747	1593	0.925	0.925	2.0	0.422762	0.397093	1.0
32914493	1594	0.784	0.764	88.0	3.80266	0.502698	10.0
177931290	1595	0.94	0.94	2.0	0.465685	0.40285	1.0
8539242	1596	0.881	0.881	1.0	-0.0	0.214201	1.0
44234494	1597	0.859	0.859	1.0	-0.0	0.648348	1.0
34686024	1598	0.909	0.909	2.0	0.385255	0.338046	1.0
26211291	1599	0.987	0.987	2.0	0.210842	0.191595	1.0
25065717	1600	0.894	0.894	22.0	2.91904	0.548892	7.0
22840652	1601	0.981	0.981	2.0	0.262695	0.241369	1.0
19685572	1602	0.934	0.934	4.0	0.592102	0.467747	3.0
14937173	1603	0.891	0.891	2.0	0.347382	0.330178	1.0
93800894	1604	0.951	0.951	2.0	0.434206	0.425632	1.0
96933119	1605	0.866	0.903	4.0	0.630045	0.218399	2.0
132975929	1606	0.909	0.903	4.0	0.477815	0.309321	4.0
113078948	1607	0.898	0.906	100.0	2.06839	0.359196	9.0
14298819	1608	0.94	0.94	2.0	0.319747	0.294739	1.0
18260081	1609	0.823	0.823	1.0	-0.0	0.609791	1.0
18621945	1610	0.927	0.927	2.0	0.472289	0.430157	1.0
242717979	1611	0.852	0.852	1.0	-0.0	0.532018	1.0
23656128	1612	0.997	0.997	2.0	0.260387	0.221673	1.0
809873	1613	0.935	0.935	2.0	0.516653	0.509296	1.0
14513049	1614	0.875	0.875	1.0	-0.0	0.612079	1.0
88265548	1615	0.88	0.88	1.0	-0.0	0.576739	1.0
14319523	1616	0.904	0.904	2.0	0.533984	0.520722	1.0
241808450	1617	0.954	0.954	2.0	0.331155	0.278011	1.0
17168493	1618	0.953	0.953	2.0	0.432459	0.399411	1.0
22938618	1619	0.923	0.923	2.0	0.42895	0.405628	1.0
128996296	1620	0.906	0.906	2.0	0.447157	0.41181	1.0
16248619	1621	0.879	0.874	114.0	3.27593	0.424003	10.0
7885972	1622	0.956	0.956	2.0	0.390884	0.372886	1.0
19916228	1623	0.935	0.935	2.0	0.47311	0.46336	1.0
19109017	1624	0.885	0.885	1.0	-0.0	0.420684	1.0
27742111	1625	0.867	0.867	2.0	0.430707	0.407096	1.0
15560096	1626	0.93	0.93	2.0	0.483681	0.471943	1.0
15687170	1627	0.885	0.885	1.0	-0.0	0.559827	1.0
148891227	1628	0.943	0.943	2.0	0.319747	0.293118	1.0
19090407	1629	0.896	0.896	2.0	0.361241	0.345841	1.0
65772367	1630	0.948	0.948	2.0	0.430707	0.396877	1.0
25151753	1631	0.932	0.932	2.0	0.319747	0.252392	1.0
174030990	1632	0.935	0.935	2.0	0.458171	0.377582	1.0
75711686	1633	1.0	1.0	1.0	-0.0	0.468954	1.0
16106525	1634	0.943	0.943	1.0	-0.0	0.474736	1.0
155668326	1635	0.956	0.956	2.0	0.467342	0.410719	1.0
21781176	1636	0.923	0.923	2.0	0.447157	0.40451	1.0
47712248	1637	0.904	0.904	2.0	0.501955	0.488503	1.0
14343949	1638	0.945	0.945	2.0	0.386196	0.367513	1.0
62762038	1639	0.93	0.93	2.0	0.531005	0.477696	1.0
74887389	1640	0.971	0.971	2.0	0.438553	0.427816	1.0
16353944	1641	0.896	0.896	1.0	-0.0	0.437478	1.0
19494371	1642	0.879	0.876	87.0	4.56844	0.558263	10.0
6655632	1643	0.943	0.943	2.0	0.395538	0.371959	1.0
39323281	1644	0.932	0.932	2.0	0.364172	0.358565	1.0
74586267	1645	0.952	0.952	2.0	0.290806	0.255254	1.0
25737016	1646	0.917	0.917	1.0	-0.0	0.424051	1.0
99536748	1647	0.938	0.932	2.0	0.343365	0.250249	1.0
14251373	1648	0.87	0.87	2.0	0.440283	0.427428	1.0
38166647	1649	0.88	0.88	1.0	-0.0	0.449574	1.0
191985394	1650	1.0	1.0	2.0	0.251059	0.107206	1.0
1315431	1651	0.987	0.987	2.0	0.468996	0.420786	1.0
144311568	1652	0.878	0.883	6.0	1.05061	0.334274	5.0
6114252	1653	0.911	0.911	2.0	0.4893	0.470878	1.0
3297651	1654	0.875	0.872	104.0	2.81079	0.462218	9.0
14111182	1655	0.943	0.943	2.0	0.465685	0.42074	1.0
116756735	1656	0.942	0.935	2.0	0.272971	0.209427	1.0
104493815	1657	0.893	0.893	2.0	0.586553	0.503702	1.0
189892222	1658	0.886	0.886	85.0	2.46211	0.387609	9.0
17911598	1659	0.844	0.844	1.0	-0.0	0.440958	1.0
181233139	1660	0.943	0.943	2.0	0.453958	0.412096	1.0
233078106	1661	0.925	0.925	2.0	0.475565	0.459212	1.0
11426	1662	0.893	0.893	2.0	0.534727	0.504538	1.0
29974211	1663	0.975	0.975	2.0	0.381474	0.320569	1.0
220685156	1664	0.81	0.824	91.0	1.70614	0.243051	9.0
48320268	1665	0.966	0.966	2.0	0.209576	0.172643	1.0
62509229	1666	0.87	0.87	2.0	0.420983	0.406901	1.0
61897213	1667	0.893	0.893	1.0	-0.0	0.560185	1.0
177699866	1668	0.956	0.956	2.0	0.52651	0.450729	1.0
70478756	1669	0.938	0.938	1.0	-0.0	0.468954	1.0
19747277	1670	0.956	0.956	2.0	0.295182	0.284995	1.0
15117717	1671	0.983	0.983	2.0	0.319747	0.278722	1.0
14883514	1672	0.888	0.888	2.0	0.452265	0.430168	1.0
15565703	1673	0.878	0.878	2.0	0.582463	0.572155	1.0
182056988	1674	0.974	0.974	2.0	0.358297	0.320982	1.0
44446489	1675	0.977	0.977	2.0	0.335252	0.3162	1.0
31100040	1676	0.927	0.927	2.0	0.352367	0.319454	1.0
2941831	1677	0.965	0.965	2.0	0.406568	0.386559	1.0
113979106	1678	0.922	0.922	2.0	0.424536	0.344096	1.0
225924284	1679	0.885	0.885	1.0	-0.0	0.386643	1.0
3954581	1680	0.924	0.924	2.0	0.453112	0.430596	1.0
18345963	1681	0.953	0.953	2.0	0.579032	0.55159	1.0
23998156	1682	0.917	0.917	2.0	0.380525	0.352733	1.0
15905565	1683	0.911	0.911	2.0	0.439418	0.424092	1.0
200655127	1684	0.878	0.878	1.0	-0.0	0.565519	1.0
15699754	1685	0.943	0.943	2.0	0.437686	0.426656	1.0
59833587	1686	0.935	0.935	2.0	0.452265	0.404953	1.0
21690351	1687	0.982	0.982	2.0	0.24515	0.22098	1.0
13000872	1688	0.893	0.893	1.0	-0.0	0.500504	1.0
216597944	1689	0.917	0.917	2.0	0.33423	0.285468	1.0
8866232	1690	0.906	0.906	2.0	0.456489	0.434764	1.0
19461688	1691	0.924	0.924	2.0	0.490896	0.477454	1.0
18728945	1692	0.971	0.971	2.0	0.445446	0.433484	1.0
34343816	1693	0.872	0.872	1.0	-0.0	0.489362	1.0
15852054	1694	0.935	0.935	2.0	0.369992	0.340235	1.0
31030273	1695	0.857	0.857	2.0	0.430707	0.401485	1.0
16630083	1696	0.898	0.898	2.0	0.345377	0.29555	1.0
231488894	1697	0.94	0.988	2.0	0.214624	0.123866	1.0
17413777	1698	0.878	0.911	26.0	2.89812	0.375324	7.0
31070910	1699	0.904	0.904	2.0	0.324959	0.312807	1.0
13420562	1700	0.981	0.981	1.0	-0.0	0.391896	1.0
34316788	1701	0.94	0.94	2.0	0.420092	0.336252	1.0
22660603	1702	0.943	0.943	1.0	-0.0	0.308205	1.0
12304722	1703	0.932	0.948	2.0	0.46319	0.234253	1.0
15575441	1704	0.911	0.911	1.0	-0.0	0.536124	1.0
21230617	1705	0.924	0.924	2.0	0.399236	0.385571	1.0
91894424	1706	0.963	0.958	2.0	0.278602	0.20958	1.0
18526308	1707	0.898	0.898	2.0	0.481257	0.430511	1.0
11594432	1708	0.961	0.961	2.0	0.307055	0.278896	1.0
109841442	1709	0.87	0.87	1.0	-0.0	0.380947	1.0
237996239	1710	0.932	0.95	76.0	1.30553	0.175705	9.0
36730935	1711	0.935	0.935	2.0	0.290806	0.253561	1.0
62964460	1712	0.966	0.966	1.0	-0.0	0.240706	1.0
227228008	1713	0.969	0.969	2.0	0.35928	0.331019	1.0
14715516	1714	0.951	0.951	6.0	1.03784	0.346813	4.0
15131428	1715	0.979	0.979	2.0	0.406568	0.392972	1.0
60449169	1716	0.79	0.793	42.0	2.17139	0.591024	9.0
36568789	1717	0.945	0.945	2.0	0.299526	0.237175	1.0
52162223	1718	0.911	0.911	2.0	0.386196	0.333471	1.0
122757815	1719	0.875	0.875	2.0	0.468996	0.430318	1.0
96880903	1720	0.942	0.942	2.0	0.100212	0.0854943	1.0
226818395	1721	0.992	0.992	2.0	0.205757	0.186014	1.0
98078133	1722	0.953	0.953	2.0	0.477197	0.398924	1.0
167570736	1723	0.958	0.969	2.0	0.295182	0.21088	1.0
102847829	1724	0.924	0.924	2.0	0.412915	0.390443	1.0
19703385	1725	0.9	0.903	13.0	1.12834	0.392575	7.0
989	1726	0.945	0.945	2.0	0.512819	0.504931	1.0
17451031	1727	0.898	0.898	1.0	-0.0	0.566227	1.0
1252191	1728	0.948	0.948	2.0	0.388076	0.370195	1.0
105088163	1729	0.985	0.985	2.0	0.356327	0.298605	1.0
21429357	1730	0.895	0.892	46.0	3.97298	0.436299	9.0
11884342	1731	0.896	0.896	1.0	-0.0	0.465209	1.0
90767831	1732	0.945	0.945	2.0	0.385255	0.360399	1.0
65363711	1733	0.862	0.862	1.0	-0.0	0.505218	1.0
20414217	1734	0.924	0.921	3.0	0.370352	0.27706	2.0
119230913	1735	0.945	0.945	2.0	0.477197	0.451724	1.0
19049204	1736	0.946	0.946	2.0	0.470644	0.412811	1.0
14508983	1737	0.922	0.922	1.0	-0.0	0.49615	1.0
88112117	1738	0.983	0.988	2.0	0.269566	0.184129	1.0
49216076	1739	0.917	0.917	2.0	0.405656	0.382889	1.0
6303832	1740	0.964	0.964	2.0	0.351373	0.324356	1.0
80043372	1741	0.953	0.953	1.0	-0.0	0.388531	1.0
103116624	1742	0.988	0.988	1.0	-0.0	0.495753	1.0
28448216	1743	0.85	0.85	18.0	2.10078	0.513057	7.0
68036460	1744	0.971	0.971	2.0	0.228266	0.21081	1.0
11567972	1745	0.855	0.838	97.0	3.33735	0.551373	9.0
19560605	1746	0.971	0.971	2.0	0.378623	0.352847	1.0
30929500	1747	0.901	0.901	1.0	-0.0	0.41664	1.0
234318173	1748	0.969	0.969	2.0	0.382421	0.371979	1.0
83370426	1749	0.896	0.896	2.0	0.456489	0.444789	1.0
58010516	1750	0.883	0.883	2.0	0.452265	0.44042	1.0
36813285	1751	1.0	1.0	2.0	0.360262	0.296635	1.0
5916122	1752	0.94	0.94	2.0	0.4893	0.467493	1.0
162234728	1753	0.875	0.875	2.0	0.437686	0.406199	1.0
15803220	1754	0.833	0.833	2.0	0.490896	0.483683	1.0
3840	1755	0.906	0.906	2.0	0.433333	0.40963	1.0
104840160	1756	0.94	0.94	2.0	0.466514	0.454777	1.0
18867266	1757	0.938	0.938	2.0	0.452265	0.422384	1.0
11698322	1758	0.961	0.961	2.0	0.532497	0.505556	1.0
61751708	1759	1.0	1.0	2.0	0.352367	0.325978	1.0
18514207	1760	0.93	0.93	2.0	0.351373	0.319891	1.0
95522978	1761	0.99	0.99	2.0	0.34616	0.3383	1.0
147700530	1762	0.979	0.979	2.0	0.240379	0.192461	1.0
109370698	1763	0.961	0.961	2.0	0.287502	0.223697	1.0
94919897	1764	0.975	0.975	32.0	2.43613	0.410474	8.0
210785308	1765	0.906	0.906	1.0	-0.0	0.518383	1.0
206322915	1766	1.0	1.0	60.0	3.05186	0.364389	10.0
27283	1767	0.949	0.946	5.0	0.338825	0.158818	4.0
47914845	1768	0.891	0.891	1.0	-0.0	0.527884	1.0
25393674	1769	0.878	0.878	2.0	0.412012	0.403783	1.0
15924411	1770	0.969	0.969	2.0	0.31765	0.270694	1.0
52117188	1771	0.828	0.828	2.0	0.272971	0.258731	1.0
26739128	1772	0.846	0.846	1.0	-0.0	0.490164	1.0
190915626	1773	0.93	0.93	1.0	-0.0	0.383327	1.0
222189121	1774	0.898	0.898	2.0	0.297358	0.249985	1.0
7746052	1775	0.93	0.93	1.0	-0.0	0.468954	1.0
100573490	1776	0.983	0.983	2.0	0.434206	0.353559	1.0
237434201	1777	0.911	0.893	2.0	0.320793	0.243221	1.0
23844792	1778	0.93	0.93	2.0	0.234356	0.21786	1.0
78000325	1779	0.971	0.971	2.0	0.368058	0.317916	1.0
11413172	1780	0.94	0.927	2.0	0.37767	0.292906	1.0
40096276	1781	0.951	0.951	2.0	0.248703	0.197181	1.0
14837928	1782	0.896	0.896	2.0	0.509735	0.49783	1.0
5606492	1783	0.922	0.922	2.0	0.403829	0.353896	1.0
46666938	1784	0.953	0.953	2.0	0.307055	0.274209	1.0
220502693	1785	0.878	0.953	2.0	0.459849	0.190969	1.0
49011247	1786	0.979	0.979	2.0	0.151843	0.139011	1.0
71967936	1787	0.914	0.914	2.0	0.240379	0.197451	1.0
756083	1788	0.883	0.883	1.0	-0.0	0.454687	1.0
14350762	1789	0.938	0.938	2.0	0.484487	0.436452	1.0
271127683	1790	0.94	0.94	2.0	0.305985	0.29116	1.0
60932062	1791	0.953	0.953	2.0	0.198036	0.169201	1.0
191486542	1792	0.93	0.93	2.0	0.387137	0.343694	1.0
18557448	1793	0.917	0.917	2.0	0.448864	0.433714	1.0
19826509	1794	0.885	0.885	1.0	-0.0	0.540202	1.0
93730653	1795	0.927	0.927	2.0	0.483681	0.450598	1.0
788673	1796	0.87	0.87	2.0	0.497239	0.482323	1.0
36230769	1797	0.979	0.979	2.0	0.297358	0.242869	1.0
138322735	1798	0.944	0.944	2.0	0.296271	0.271253	1.0
9574902	1799	0.919	0.919	2.0	0.263846	0.240122	1.0
113184261	1800	0.954	0.952	4.0	0.501668	0.356187	4.0
42108592	1801	0.984	0.984	2.0	0.28084	0.227255	1.0
90938377	1802	0.927	0.927	30.0	2.72904	0.486053	8.0
171719023	1803	0.764	0.779	204.0	3.65539	0.456863	10.0
14944471	1804	0.971	0.971	2.0	0.502737	0.436666	1.0
159329042	1805	0.896	0.896	1.0	-0.0	0.522582	1.0
91418281	1806	0.947	0.927	49.0	2.40837	0.393726	8.0
42957361	1807	0.984	0.984	2.0	0.434206	0.385542	1.0
23866339	1808	0.935	0.935	2.0	0.393681	0.367036	1.0
19065686	1809	0.937	0.937	2.0	0.254575	0.230433	1.0
112558885	1810	0.964	0.964	1.0	-0.0	0.254379	1.0
16049723	1811	0.93	0.93	2.0	0.482874	0.455534	1.0
183146283	1812	0.996	0.996	1.0	-0.0	0.415938	1.0
166698317	1813	0.971	0.971	1.0	-0.0	0.247286	1.0
15013580	1814	0.961	0.961	2.0	0.411108	0.399314	1.0
17928145	1815	0.922	0.922	2.0	0.484487	0.474586	1.0
30340990	1816	0.917	0.917	2.0	0.366118	0.351784	1.0
15843240	1817	1.0	1.0	2.0	0.203134	0.156291	1.0
106601959	1818	0.987	0.987	2.0	0.262695	0.240593	1.0
13728412	1819	0.88	0.88	1.0	-0.0	0.524102	1.0
116690967	1820	0.985	0.992	2.0	0.122292	0.0467906	1.0
231476876	1821	0.964	0.964	1.0	-0.0	0.286369	1.0
16275014	1822	0.917	0.917	2.0	0.405656	0.388182	1.0
15233366	1823	0.872	0.872	2.0	0.446302	0.434828	1.0
29767444	1824	0.914	0.914	2.0	0.407479	0.33598	1.0
19477654	1825	0.953	0.953	2.0	0.494868	0.484222	1.0
20173675	1826	0.982	0.974	2.0	0.324959	0.201112	1.0
16494284	1827	0.859	0.859	2.0	0.458171	0.442105	1.0
22201568	1828	0.904	0.904	1.0	-0.0	0.408931	1.0
14685183	1829	0.878	0.878	2.0	0.500387	0.493376	1.0
1053301	1830	0.911	0.911	1.0	-0.0	0.396491	1.0
414853	1831	0.964	0.964	2.0	0.391818	0.36689	1.0
15522756	1832	0.891	0.891	2.0	0.510507	0.493813	1.0
101014503	1833	1.0	1.0	2.0	0.404743	0.134683	1.0
20770172	1834	0.932	0.932	1.0	-0.0	0.466043	1.0
16812732	1835	0.779	0.799	44.0	3.84508	0.354552	10.0
30324031	1836	0.88	0.88	2.0	0.316599	0.292308	1.0
28733900	1837	0.94	0.94	1.0	-0.0	0.39556	1.0
261765367	1838	0.94	0.94	2.0	0.402913	0.381539	1.0
58866657	1839	0.976	0.971	3.0	0.364712	0.286428	2.0
53084125	1840	0.909	0.909	1.0	-0.0	0.518766	1.0
13767702	1841	0.956	0.956	2.0	0.39275	0.360732	1.0
29719777	1842	0.885	0.885	2.0	0.478011	0.44021	1.0
20280033	1843	0.938	0.938	2.0	0.291903	0.233982	1.0
18840983	1844	0.917	0.908	108.0	3.72683	0.520954	10.0
84958944	1845	0.902	0.894	83.0	3.42346	0.430292	10.0
6120472	1846	0.994	0.994	71.0	2.33546	0.303502	10.0
50387743	1847	0.961	0.961	2.0	0.410203	0.371641	1.0
209150087	1848	0.971	0.982	2.0	0.172772	0.0993431	1.0
153119220	1849	0.945	0.945	2.0	0.363197	0.336688	1.0
19884721	1850	0.932	0.943	2.0	0.34638	0.256063	1.0
136952493	1851	0.922	0.922	1.0	-0.0	0.412117	1.0
127568130	1852	0.933	0.966	23.0	1.56094	0.180313	8.0
31163497	1853	0.896	0.896	1.0	-0.0	0.566933	1.0
15041902	1854	0.958	0.958	2.0	0.422762	0.396142	1.0
243494256	1855	0.952	0.952	2.0	0.304913	0.266649	1.0
17240550	1856	0.958	0.958	2.0	0.38995	0.376618	1.0
18134756	1857	0.951	0.951	2.0	0.264995	0.238857	1.0
51028602	1858	0.906	0.906	2.0	0.414717	0.402559	1.0
6389222	1859	0.94	0.94	2.0	0.44373	0.414629	1.0
141243524	1860	0.973	0.973	2.0	0.160329	0.128285	1.0
24425906	1861	0.969	0.969	2.0	0.381474	0.348344	1.0
227124242	1862	0.862	0.862	1.0	-0.0	0.54462	1.0
17461963	1863	0.964	0.964	2.0	0.289706	0.257942	1.0
17767500	1864	0.81	0.821	10.0	2.42505	0.411442	6.0
19881288	1865	0.951	0.951	2.0	0.191511	0.160673	1.0
57486140	1866	0.995	0.995	2.0	0.171406	0.146296	1.0
21513512	1867	0.956	0.922	2.0	0.365146	0.272331	1.0
14332565	1868	0.935	0.935	2.0	0.453112	0.415927	1.0
93151373	1869	0.922	0.922	1.0	-0.0	0.434856	1.0
29732504	1870	0.864	0.827	79.0	1.04609	0.115423	9.0
795448	1871	0.913	0.913	31.0	1.45025	0.367511	8.0
122895180	1872	0.885	0.885	2.0	0.390884	0.347788	1.0
41238441	1873	0.893	0.893	1.0	-0.0	0.417991	1.0
58537607	1874	0.927	0.927	2.0	0.409296	0.364307	1.0
15076776	1875	0.94	0.94	2.0	0.321837	0.311571	1.0
13457562	1876	0.811	0.834	23.0	1.58347	0.183066	8.0
13693042	1877	0.901	0.915	14.0	2.15018	0.432619	6.0
14084098	1878	0.896	0.896	2.0	0.379574	0.359476	1.0
755452	1879	0.924	0.924	2.0	0.446302	0.423299	1.0
112882584	1880	0.888	0.888	1.0	-0.0	0.507952	1.0
15426896	1881	0.924	0.924	2.0	0.415616	0.371124	1.0
15393033	1882	0.974	0.974	2.0	0.369026	0.353757	1.0
79873303	1883	0.945	0.945	2.0	0.290806	0.256593	1.0
27292941	1884	0.893	0.893	1.0	-0.0	0.49932	1.0
9147742	1885	0.928	0.914	80.0	2.82072	0.35182	10.0
67321398	1886	0.992	0.992	1.0	-0.0	0.540202	1.0
10952962	1887	0.924	0.924	2.0	0.506634	0.480606	1.0
224809136	1888	0.977	0.977	2.0	0.289706	0.266016	1.0
153483319	1889	0.911	0.911	1.0	-0.0	0.464791	1.0
15878020	1890	0.909	0.909	1.0	-0.0	0.458905	1.0
21318903	1891	0.888	0.888	1.0	-0.0	0.539463	1.0
125478633	1892	0.891	0.891	2.0	0.447157	0.397783	1.0
60802792	1893	0.883	0.883	2.0	0.325996	0.283979	1.0
9853212	1894	0.979	0.979	2.0	0.512819	0.437595	1.0
16388972	1895	0.942	0.942	2.0	0.175494	0.150239	1.0
84927631	1896	0.93	0.93	2.0	0.409296	0.384505	1.0
18635626	1897	0.862	0.862	2.0	0.360262	0.344548	1.0
140060120	1898	0.896	0.896	1.0	-0.0	0.509897	1.0
815233	1899	0.927	0.927	2.0	0.456489	0.427527	1.0
14134608	1900	0.883	0.883	2.0	0.456489	0.419634	1.0
114950933	1901	0.992	0.992	2.0	0.365146	0.336203	1.0
237650161	1902	0.943	0.943	2.0	0.341346	0.328678	1.0
14139584	1903	0.96	0.96	2.0	0.386196	0.356945	1.0
2226621	1904	0.971	0.971	95.0	2.40454	0.320747	10.0
15635812	1905	0.883	0.883	2.0	0.464854	0.452476	1.0
22150874	1906	0.94	0.94	2.0	0.420983	0.415831	1.0
14850719	1907	0.935	0.935	2.0	0.311315	0.257476	1.0
213129687	1908	0.95	0.95	2.0	0.234356	0.223287	1.0
17387554	1909	0.94	0.94	1.0	-0.0	0.374235	1.0
33369174	1910	0.906	0.906	2.0	0.429829	0.374484	1.0
23963107	1911	0.943	0.943	2.0	0.331155	0.281462	1.0
147756403	1912	0.969	0.969	2.0	0.236773	0.221667	1.0
22611722	1913	0.948	0.948	2.0	0.383367	0.364304	1.0
48504894	1914	0.914	0.914	2.0	0.335252	0.317627	1.0
14115587	1915	0.94	0.94	2.0	0.508186	0.501444	1.0
112237055	1916	0.948	0.948	1.0	-0.0	0.487753	1.0
126492276	1917	0.911	0.911	2.0	0.41741	0.408668	1.0
90342052	1918	1.0	1.0	2.0	0.205633	0.147852	1.0
16612857	1919	0.901	0.901	2.0	0.464023	0.430748	1.0
188202145	1920	0.932	0.957	15.0	3.3851	0.357445	9.0
21329702	1921	0.938	0.938	1.0	-0.0	0.420684	1.0
262374583	1922	0.951	0.951	2.0	0.109218	0.0811773	1.0
28623830	1923	0.933	0.933	2.0	0.435948	0.4103	1.0
55617759	1924	0.919	0.919	1.0	-0.0	0.473153	1.0
155205940	1925	0.93	0.917	2.0	0.198036	0.136069	1.0
267519951	1926	0.935	0.935	1.0	-0.0	0.422257	1.0
9485202	1927	0.94	0.943	2.0	0.365146	0.273735	1.0
57102394	1928	0.958	0.958	2.0	0.233143	0.169363	1.0
16191771	1929	0.917	0.914	84.0	3.68608	0.501309	10.0
50485817	1930	0.923	0.952	17.0	1.72812	0.321219	9.0
18216761	1931	0.938	0.938	2.0	0.424536	0.408816	1.0
115242946	1932	0.936	0.936	76.0	2.63178	0.455432	9.0
123971807	1933	0.977	0.977	2.0	0.203196	0.177592	1.0
17021619	1934	0.943	0.943	2.0	0.4893	0.479512	1.0
833071	1935	0.911	0.911	2.0	0.320793	0.296987	1.0
11896822	1936	0.915	0.915	2.0	0.126861	0.111157	1.0
176996195	1937	0.994	0.992	2.0	0.144645	0.0858934	1.0
26197118	1938	0.87	0.87	2.0	0.341346	0.301574	1.0
21275406	1939	0.977	0.977	1.0	-0.0	0.280783	1.0
700593	1940	0.964	0.964	2.0	0.370957	0.359797	1.0
86092304	1941	0.935	0.935	2.0	0.33729	0.298867	1.0
52233562	1942	0.956	0.956	2.0	0.22458	0.194591	1.0
181255875	1943	0.944	0.944	2.0	0.258069	0.232878	1.0
162140481	1944	0.938	0.938	2.0	0.218379	0.17897	1.0
221209416	1945	0.868	0.868	30.0	3.46107	0.351797	10.0
17380976	1946	0.896	0.896	1.0	-0.0	0.366475	1.0
132553078	1947	0.958	0.967	2.0	0.210842	0.147857	1.0
14089271	1948	0.901	0.901	2.0	0.419199	0.404812	1.0
15809601	1949	0.958	0.958	1.0	-0.0	0.406188	1.0
152189675	1950	0.979	0.979	2.0	0.223345	0.201724	1.0
142313915	1951	0.904	0.938	2.0	0.150412	0.100199	1.0
82821085	1952	0.952	0.96	2.0	0.295561	0.224123	6.0
53411390	1953	0.911	0.911	25.0	1.13959	0.317249	7.0
17464581	1954	0.969	0.969	2.0	0.368058	0.348612	1.0
16000947	1955	0.94	0.94	2.0	0.481257	0.46532	1.0
167429895	1956	0.962	0.96	27.0	0.855054	0.224703	7.0
103157143	1957	0.893	0.893	2.0	0.433333	0.414822	1.0
43637692	1958	0.714	0.714	2.0	0.401996	0.364232	1.0
175938534	1959	0.966	0.966	2.0	0.276356	0.257921	1.0
94607882	1960	0.958	0.958	2.0	0.28418	0.20917	1.0
14888362	1961	0.865	0.865	2.0	0.36222	0.347534	1.0
15342518	1962	0.867	0.867	1.0	-0.0	0.589106	1.0
18547882	1963	0.967	0.967	2.0	0.418305	0.410144	1.0
15729205	1964	0.924	0.924	3.0	0.341964	0.252019	2.0
57505932	1965	0.953	0.953	2.0	0.39275	0.372223	1.0
24791281	1966	0.966	0.966	1.0	-0.0	0.5694	1.0
16016852	1967	0.945	0.945	2.0	0.429829	0.414402	1.0
9590262	1968	0.909	0.909	1.0	-0.0	0.248475	1.0
11433472	1969	0.983	0.983	2.0	0.388076	0.367031	1.0
14219103	1970	0.953	0.953	2.0	0.400157	0.367437	1.0
38260779	1971	0.898	0.898	2.0	0.46319	0.457293	1.0
22353594	1972	0.958	0.958	2.0	0.322879	0.292262	1.0
85921707	1973	0.996	0.996	1.0	-0.0	0.194897	1.0
147314264	1974	0.963	0.946	2.0	0.424536	0.323153	1.0
122540204	1975	0.883	0.883	1.0	-0.0	0.446571	1.0
14388689	1976	0.982	0.982	2.0	0.357313	0.306549	1.0
249425665	1977	0.898	0.898	2.0	0.512819	0.504915	1.0
41211760	1978	0.914	0.914	2.0	0.430707	0.413552	1.0
34904126	1979	0.953	0.953	2.0	0.321837	0.267953	1.0
82390302	1980	0.911	0.911	2.0	0.351373	0.315382	1.0
62926597	1981	0.953	0.953	2.0	0.365146	0.353432	1.0
204090866	1982	0.904	0.904	1.0	-0.0	0.469783	1.0
243662422	1983	0.977	0.977	2.0	0.400157	0.367536	1.0
80979157	1984	0.888	0.888	1.0	-0.0	0.411663	1.0
59338505	1985	0.904	0.904	2.0	0.32392	0.287779	1.0
